,,status_cat,status_cat,status_cat
status_group,,functional,functional needs repair,non functional
region,lga,,,
Arusha,Arusha Rural,875,48,329
Arusha,Arusha Urban,42,7,14
Arusha,Babati,0,0,0
Arusha,Bagamoyo,0,0,0
Arusha,Bahi,0,0,0
Arusha,Bariadi,0,0,0
Arusha,Biharamulo,0,0,0
Arusha,Bukoba Rural,0,0,0
Arusha,Bukoba Urban,0,0,0
Arusha,Bukombe,0,0,0
Arusha,Bunda,0,0,0
Arusha,Chamwino,0,0,0
Arusha,Chato,0,0,0
Arusha,Chunya,0,0,0
Arusha,Dodoma Urban,0,0,0
Arusha,Geita,0,0,0
Arusha,Hai,0,0,0
Arusha,Hanang,0,0,0
Arusha,Handeni,0,0,0
Arusha,Igunga,0,0,0
Arusha,Ilala,0,0,0
Arusha,Ileje,0,0,0
Arusha,Ilemela,0,0,0
Arusha,Iramba,0,0,0
Arusha,Iringa Rural,0,0,0
Arusha,Kahama,0,0,0
Arusha,Karagwe,0,0,0
Arusha,Karatu,316,1,9
Arusha,Kasulu,0,0,0
Arusha,Kibaha,0,0,0
Arusha,Kibondo,0,0,0
Arusha,Kigoma Rural,0,0,0
Arusha,Kigoma Urban,0,0,0
Arusha,Kilindi,0,0,0
Arusha,Kilolo,0,0,0
Arusha,Kilombero,0,0,0
Arusha,Kilosa,0,0,0
Arusha,Kilwa,0,0,0
Arusha,Kinondoni,0,0,0
Arusha,Kisarawe,0,0,0
Arusha,Kishapu,0,0,0
Arusha,Kiteto,0,0,0
Arusha,Kondoa,0,0,0
Arusha,Kongwa,0,0,0
Arusha,Korogwe,0,0,0
Arusha,Kwimba,0,0,0
Arusha,Kyela,0,0,0
Arusha,Lindi Rural,0,0,0
Arusha,Lindi Urban,0,0,0
Arusha,Liwale,0,0,0
Arusha,Longido,200,29,81
Arusha,Ludewa,0,0,0
Arusha,Lushoto,0,0,0
Arusha,Mafia,0,0,0
Arusha,Magu,0,0,0
Arusha,Makete,0,0,0
Arusha,Manyoni,0,0,0
Arusha,Masasi,0,0,0
Arusha,Maswa,0,0,0
Arusha,Mbarali,0,0,0
Arusha,Mbeya Rural,0,0,0
Arusha,Mbinga,0,0,0
Arusha,Mbozi,0,0,0
Arusha,Mbulu,0,0,0
Arusha,Meatu,0,0,0
Arusha,Meru,657,32,320
Arusha,Misenyi,0,0,0
Arusha,Missungwi,0,0,0
Arusha,Mkinga,0,0,0
Arusha,Mkuranga,0,0,0
Arusha,Monduli,95,30,64
Arusha,Morogoro Rural,0,0,0
Arusha,Morogoro Urban,0,0,0
Arusha,Moshi Rural,0,0,0
Arusha,Moshi Urban,0,0,0
Arusha,Mpanda,0,0,0
Arusha,Mpwapwa,0,0,0
Arusha,Mtwara Rural,0,0,0
Arusha,Mtwara Urban,0,0,0
Arusha,Mufindi,0,0,0
Arusha,Muheza,0,0,0
Arusha,Muleba,0,0,0
Arusha,Musoma Rural,0,0,0
Arusha,Mvomero,0,0,0
Arusha,Mwanga,0,0,0
Arusha,Nachingwea,0,0,0
Arusha,Namtumbo,0,0,0
Arusha,Nanyumbu,0,0,0
Arusha,Newala,0,0,0
Arusha,Ngara,0,0,0
Arusha,Ngorongoro,109,28,64
Arusha,Njombe,0,0,0
Arusha,Nkasi,0,0,0
Arusha,Nyamagana,0,0,0
Arusha,Nzega,0,0,0
Arusha,Pangani,0,0,0
Arusha,Rombo,0,0,0
Arusha,Rorya,0,0,0
Arusha,Ruangwa,0,0,0
Arusha,Rufiji,0,0,0
Arusha,Rungwe,0,0,0
Arusha,Same,0,0,0
Arusha,Sengerema,0,0,0
Arusha,Serengeti,0,0,0
Arusha,Shinyanga Rural,0,0,0
Arusha,Shinyanga Urban,0,0,0
Arusha,Siha,0,0,0
Arusha,Sikonge,0,0,0
Arusha,Simanjiro,0,0,0
Arusha,Singida Rural,0,0,0
Arusha,Singida Urban,0,0,0
Arusha,Songea Rural,0,0,0
Arusha,Songea Urban,0,0,0
Arusha,Sumbawanga Rural,0,0,0
Arusha,Sumbawanga Urban,0,0,0
Arusha,Tabora Urban,0,0,0
Arusha,Tandahimba,0,0,0
Arusha,Tanga,0,0,0
Arusha,Tarime,0,0,0
Arusha,Temeke,0,0,0
Arusha,Tunduru,0,0,0
Arusha,Ukerewe,0,0,0
Arusha,Ulanga,0,0,0
Arusha,Urambo,0,0,0
Arusha,Uyui,0,0,0
Dar es Salaam,Arusha Rural,0,0,0
Dar es Salaam,Arusha Urban,0,0,0
Dar es Salaam,Babati,0,0,0
Dar es Salaam,Bagamoyo,0,0,0
Dar es Salaam,Bahi,0,0,0
Dar es Salaam,Bariadi,0,0,0
Dar es Salaam,Biharamulo,0,0,0
Dar es Salaam,Bukoba Rural,0,0,0
Dar es Salaam,Bukoba Urban,0,0,0
Dar es Salaam,Bukombe,0,0,0
Dar es Salaam,Bunda,0,0,0
Dar es Salaam,Chamwino,0,0,0
Dar es Salaam,Chato,0,0,0
Dar es Salaam,Chunya,0,0,0
Dar es Salaam,Dodoma Urban,0,0,0
Dar es Salaam,Geita,0,0,0
Dar es Salaam,Hai,0,0,0
Dar es Salaam,Hanang,0,0,0
Dar es Salaam,Handeni,0,0,0
Dar es Salaam,Igunga,0,0,0
Dar es Salaam,Ilala,343,0,154
Dar es Salaam,Ileje,0,0,0
Dar es Salaam,Ilemela,0,0,0
Dar es Salaam,Iramba,0,0,0
Dar es Salaam,Iringa Rural,0,0,0
Dar es Salaam,Kahama,0,0,0
Dar es Salaam,Karagwe,0,0,0
Dar es Salaam,Karatu,0,0,0
Dar es Salaam,Kasulu,0,0,0
Dar es Salaam,Kibaha,0,0,0
Dar es Salaam,Kibondo,0,0,0
Dar es Salaam,Kigoma Rural,0,0,0
Dar es Salaam,Kigoma Urban,0,0,0
Dar es Salaam,Kilindi,0,0,0
Dar es Salaam,Kilolo,0,0,0
Dar es Salaam,Kilombero,0,0,0
Dar es Salaam,Kilosa,0,0,0
Dar es Salaam,Kilwa,0,0,0
Dar es Salaam,Kinondoni,42,0,51
Dar es Salaam,Kisarawe,0,0,0
Dar es Salaam,Kishapu,0,0,0
Dar es Salaam,Kiteto,0,0,0
Dar es Salaam,Kondoa,0,0,0
Dar es Salaam,Kongwa,0,0,0
Dar es Salaam,Korogwe,0,0,0
Dar es Salaam,Kwimba,0,0,0
Dar es Salaam,Kyela,0,0,0
Dar es Salaam,Lindi Rural,0,0,0
Dar es Salaam,Lindi Urban,0,0,0
Dar es Salaam,Liwale,0,0,0
Dar es Salaam,Longido,0,0,0
Dar es Salaam,Ludewa,0,0,0
Dar es Salaam,Lushoto,0,0,0
Dar es Salaam,Mafia,0,0,0
Dar es Salaam,Magu,0,0,0
Dar es Salaam,Makete,0,0,0
Dar es Salaam,Manyoni,0,0,0
Dar es Salaam,Masasi,0,0,0
Dar es Salaam,Maswa,0,0,0
Dar es Salaam,Mbarali,0,0,0
Dar es Salaam,Mbeya Rural,0,0,0
Dar es Salaam,Mbinga,0,0,0
Dar es Salaam,Mbozi,0,0,0
Dar es Salaam,Mbulu,0,0,0
Dar es Salaam,Meatu,0,0,0
Dar es Salaam,Meru,0,0,0
Dar es Salaam,Misenyi,0,0,0
Dar es Salaam,Missungwi,0,0,0
Dar es Salaam,Mkinga,0,0,0
Dar es Salaam,Mkuranga,0,0,0
Dar es Salaam,Monduli,0,0,0
Dar es Salaam,Morogoro Rural,0,0,0
Dar es Salaam,Morogoro Urban,0,0,0
Dar es Salaam,Moshi Rural,0,0,0
Dar es Salaam,Moshi Urban,0,0,0
Dar es Salaam,Mpanda,0,0,0
Dar es Salaam,Mpwapwa,0,0,0
Dar es Salaam,Mtwara Rural,0,0,0
Dar es Salaam,Mtwara Urban,0,0,0
Dar es Salaam,Mufindi,0,0,0
Dar es Salaam,Muheza,0,0,0
Dar es Salaam,Muleba,0,0,0
Dar es Salaam,Musoma Rural,0,0,0
Dar es Salaam,Mvomero,0,0,0
Dar es Salaam,Mwanga,0,0,0
Dar es Salaam,Nachingwea,0,0,0
Dar es Salaam,Namtumbo,0,0,0
Dar es Salaam,Nanyumbu,0,0,0
Dar es Salaam,Newala,0,0,0
Dar es Salaam,Ngara,0,0,0
Dar es Salaam,Ngorongoro,0,0,0
Dar es Salaam,Njombe,0,0,0
Dar es Salaam,Nkasi,0,0,0
Dar es Salaam,Nyamagana,0,0,0
Dar es Salaam,Nzega,0,0,0
Dar es Salaam,Pangani,0,0,0
Dar es Salaam,Rombo,0,0,0
Dar es Salaam,Rorya,0,0,0
Dar es Salaam,Ruangwa,0,0,0
Dar es Salaam,Rufiji,0,0,0
Dar es Salaam,Rungwe,0,0,0
Dar es Salaam,Same,0,0,0
Dar es Salaam,Sengerema,0,0,0
Dar es Salaam,Serengeti,0,0,0
Dar es Salaam,Shinyanga Rural,0,0,0
Dar es Salaam,Shinyanga Urban,0,0,0
Dar es Salaam,Siha,0,0,0
Dar es Salaam,Sikonge,0,0,0
Dar es Salaam,Simanjiro,0,0,0
Dar es Salaam,Singida Rural,0,0,0
Dar es Salaam,Singida Urban,0,0,0
Dar es Salaam,Songea Rural,0,0,0
Dar es Salaam,Songea Urban,0,0,0
Dar es Salaam,Sumbawanga Rural,0,0,0
Dar es Salaam,Sumbawanga Urban,0,0,0
Dar es Salaam,Tabora Urban,0,0,0
Dar es Salaam,Tandahimba,0,0,0
Dar es Salaam,Tanga,0,0,0
Dar es Salaam,Tarime,0,0,0
Dar es Salaam,Temeke,76,3,136
Dar es Salaam,Tunduru,0,0,0
Dar es Salaam,Ukerewe,0,0,0
Dar es Salaam,Ulanga,0,0,0
Dar es Salaam,Urambo,0,0,0
Dar es Salaam,Uyui,0,0,0
Dodoma,Arusha Rural,0,0,0
Dodoma,Arusha Urban,0,0,0
Dodoma,Babati,0,0,0
Dodoma,Bagamoyo,0,0,0
Dodoma,Bahi,158,0,66
Dodoma,Bariadi,0,0,0
Dodoma,Biharamulo,0,0,0
Dodoma,Bukoba Rural,0,0,0
Dodoma,Bukoba Urban,0,0,0
Dodoma,Bukombe,0,0,0
Dodoma,Bunda,0,0,0
Dodoma,Chamwino,144,29,174
Dodoma,Chato,0,0,0
Dodoma,Chunya,0,0,0
Dodoma,Dodoma Urban,88,36,234
Dodoma,Geita,0,0,0
Dodoma,Hai,0,0,0
Dodoma,Hanang,0,0,0
Dodoma,Handeni,0,0,0
Dodoma,Igunga,0,0,0
Dodoma,Ilala,0,0,0
Dodoma,Ileje,0,0,0
Dodoma,Ilemela,0,0,0
Dodoma,Iramba,0,0,0
Dodoma,Iringa Rural,0,0,0
Dodoma,Kahama,0,0,0
Dodoma,Karagwe,0,0,0
Dodoma,Karatu,0,0,0
Dodoma,Kasulu,0,0,0
Dodoma,Kibaha,0,0,0
Dodoma,Kibondo,0,0,0
Dodoma,Kigoma Rural,0,0,0
Dodoma,Kigoma Urban,0,0,0
Dodoma,Kilindi,0,0,0
Dodoma,Kilolo,0,0,0
Dodoma,Kilombero,0,0,0
Dodoma,Kilosa,0,0,0
Dodoma,Kilwa,0,0,0
Dodoma,Kinondoni,0,0,0
Dodoma,Kisarawe,0,0,0
Dodoma,Kishapu,0,0,0
Dodoma,Kiteto,0,0,0
Dodoma,Kondoa,216,106,201
Dodoma,Kongwa,203,0,158
Dodoma,Korogwe,0,0,0
Dodoma,Kwimba,0,0,0
Dodoma,Kyela,0,0,0
Dodoma,Lindi Rural,0,0,0
Dodoma,Lindi Urban,0,0,0
Dodoma,Liwale,0,0,0
Dodoma,Longido,0,0,0
Dodoma,Ludewa,0,0,0
Dodoma,Lushoto,0,0,0
Dodoma,Mafia,0,0,0
Dodoma,Magu,0,0,0
Dodoma,Makete,0,0,0
Dodoma,Manyoni,0,0,0
Dodoma,Masasi,0,0,0
Dodoma,Maswa,0,0,0
Dodoma,Mbarali,0,0,0
Dodoma,Mbeya Rural,0,0,0
Dodoma,Mbinga,0,0,0
Dodoma,Mbozi,0,0,0
Dodoma,Mbulu,0,0,0
Dodoma,Meatu,0,0,0
Dodoma,Meru,0,0,0
Dodoma,Misenyi,0,0,0
Dodoma,Missungwi,0,0,0
Dodoma,Mkinga,0,0,0
Dodoma,Mkuranga,0,0,0
Dodoma,Monduli,0,0,0
Dodoma,Morogoro Rural,0,0,0
Dodoma,Morogoro Urban,0,0,0
Dodoma,Moshi Rural,0,0,0
Dodoma,Moshi Urban,0,0,0
Dodoma,Mpanda,0,0,0
Dodoma,Mpwapwa,200,38,150
Dodoma,Mtwara Rural,0,0,0
Dodoma,Mtwara Urban,0,0,0
Dodoma,Mufindi,0,0,0
Dodoma,Muheza,0,0,0
Dodoma,Muleba,0,0,0
Dodoma,Musoma Rural,0,0,0
Dodoma,Mvomero,0,0,0
Dodoma,Mwanga,0,0,0
Dodoma,Nachingwea,0,0,0
Dodoma,Namtumbo,0,0,0
Dodoma,Nanyumbu,0,0,0
Dodoma,Newala,0,0,0
Dodoma,Ngara,0,0,0
Dodoma,Ngorongoro,0,0,0
Dodoma,Njombe,0,0,0
Dodoma,Nkasi,0,0,0
Dodoma,Nyamagana,0,0,0
Dodoma,Nzega,0,0,0
Dodoma,Pangani,0,0,0
Dodoma,Rombo,0,0,0
Dodoma,Rorya,0,0,0
Dodoma,Ruangwa,0,0,0
Dodoma,Rufiji,0,0,0
Dodoma,Rungwe,0,0,0
Dodoma,Same,0,0,0
Dodoma,Sengerema,0,0,0
Dodoma,Serengeti,0,0,0
Dodoma,Shinyanga Rural,0,0,0
Dodoma,Shinyanga Urban,0,0,0
Dodoma,Siha,0,0,0
Dodoma,Sikonge,0,0,0
Dodoma,Simanjiro,0,0,0
Dodoma,Singida Rural,0,0,0
Dodoma,Singida Urban,0,0,0
Dodoma,Songea Rural,0,0,0
Dodoma,Songea Urban,0,0,0
Dodoma,Sumbawanga Rural,0,0,0
Dodoma,Sumbawanga Urban,0,0,0
Dodoma,Tabora Urban,0,0,0
Dodoma,Tandahimba,0,0,0
Dodoma,Tanga,0,0,0
Dodoma,Tarime,0,0,0
Dodoma,Temeke,0,0,0
Dodoma,Tunduru,0,0,0
Dodoma,Ukerewe,0,0,0
Dodoma,Ulanga,0,0,0
Dodoma,Urambo,0,0,0
Dodoma,Uyui,0,0,0
Iringa,Arusha Rural,0,0,0
Iringa,Arusha Urban,0,0,0
Iringa,Babati,0,0,0
Iringa,Bagamoyo,0,0,0
Iringa,Bahi,0,0,0
Iringa,Bariadi,0,0,0
Iringa,Biharamulo,0,0,0
Iringa,Bukoba Rural,0,0,0
Iringa,Bukoba Urban,0,0,0
Iringa,Bukombe,0,0,0
Iringa,Bunda,0,0,0
Iringa,Chamwino,0,0,0
Iringa,Chato,0,0,0
Iringa,Chunya,0,0,0
Iringa,Dodoma Urban,0,0,0
Iringa,Geita,0,0,0
Iringa,Hai,0,0,0
Iringa,Hanang,0,0,0
Iringa,Handeni,0,0,0
Iringa,Igunga,0,0,0
Iringa,Ilala,0,0,0
Iringa,Ileje,0,0,0
Iringa,Ilemela,0,0,0
Iringa,Iramba,0,0,0
Iringa,Iringa Rural,547,10,171
Iringa,Kahama,0,0,0
Iringa,Karagwe,0,0,0
Iringa,Karatu,0,0,0
Iringa,Kasulu,0,0,0
Iringa,Kibaha,0,0,0
Iringa,Kibondo,0,0,0
Iringa,Kigoma Rural,0,0,0
Iringa,Kigoma Urban,0,0,0
Iringa,Kilindi,0,0,0
Iringa,Kilolo,218,2,129
Iringa,Kilombero,0,0,0
Iringa,Kilosa,0,0,0
Iringa,Kilwa,0,0,0
Iringa,Kinondoni,0,0,0
Iringa,Kisarawe,0,0,0
Iringa,Kishapu,0,0,0
Iringa,Kiteto,0,0,0
Iringa,Kondoa,0,0,0
Iringa,Kongwa,0,0,0
Iringa,Korogwe,0,0,0
Iringa,Kwimba,0,0,0
Iringa,Kyela,0,0,0
Iringa,Lindi Rural,0,0,0
Iringa,Lindi Urban,0,0,0
Iringa,Liwale,0,0,0
Iringa,Longido,0,0,0
Iringa,Ludewa,437,11,116
Iringa,Lushoto,0,0,0
Iringa,Mafia,0,0,0
Iringa,Magu,0,0,0
Iringa,Makete,564,0,66
Iringa,Manyoni,0,0,0
Iringa,Masasi,0,0,0
Iringa,Maswa,0,0,0
Iringa,Mbarali,0,0,0
Iringa,Mbeya Rural,0,0,0
Iringa,Mbinga,0,0,0
Iringa,Mbozi,0,0,0
Iringa,Mbulu,0,0,0
Iringa,Meatu,0,0,0
Iringa,Meru,0,0,0
Iringa,Misenyi,0,0,0
Iringa,Missungwi,0,0,0
Iringa,Mkinga,0,0,0
Iringa,Mkuranga,0,0,0
Iringa,Monduli,0,0,0
Iringa,Morogoro Rural,0,0,0
Iringa,Morogoro Urban,0,0,0
Iringa,Moshi Rural,0,0,0
Iringa,Moshi Urban,0,0,0
Iringa,Mpanda,0,0,0
Iringa,Mpwapwa,0,0,0
Iringa,Mtwara Rural,0,0,0
Iringa,Mtwara Urban,0,0,0
Iringa,Mufindi,368,6,146
Iringa,Muheza,0,0,0
Iringa,Muleba,0,0,0
Iringa,Musoma Rural,0,0,0
Iringa,Mvomero,0,0,0
Iringa,Mwanga,0,0,0
Iringa,Nachingwea,0,0,0
Iringa,Namtumbo,0,0,0
Iringa,Nanyumbu,0,0,0
Iringa,Newala,0,0,0
Iringa,Ngara,0,0,0
Iringa,Ngorongoro,0,0,0
Iringa,Njombe,2007,94,402
Iringa,Nkasi,0,0,0
Iringa,Nyamagana,0,0,0
Iringa,Nzega,0,0,0
Iringa,Pangani,0,0,0
Iringa,Rombo,0,0,0
Iringa,Rorya,0,0,0
Iringa,Ruangwa,0,0,0
Iringa,Rufiji,0,0,0
Iringa,Rungwe,0,0,0
Iringa,Same,0,0,0
Iringa,Sengerema,0,0,0
Iringa,Serengeti,0,0,0
Iringa,Shinyanga Rural,0,0,0
Iringa,Shinyanga Urban,0,0,0
Iringa,Siha,0,0,0
Iringa,Sikonge,0,0,0
Iringa,Simanjiro,0,0,0
Iringa,Singida Rural,0,0,0
Iringa,Singida Urban,0,0,0
Iringa,Songea Rural,0,0,0
Iringa,Songea Urban,0,0,0
Iringa,Sumbawanga Rural,0,0,0
Iringa,Sumbawanga Urban,0,0,0
Iringa,Tabora Urban,0,0,0
Iringa,Tandahimba,0,0,0
Iringa,Tanga,0,0,0
Iringa,Tarime,0,0,0
Iringa,Temeke,0,0,0
Iringa,Tunduru,0,0,0
Iringa,Ukerewe,0,0,0
Iringa,Ulanga,0,0,0
Iringa,Urambo,0,0,0
Iringa,Uyui,0,0,0
Kagera,Arusha Rural,0,0,0
Kagera,Arusha Urban,0,0,0
Kagera,Babati,0,0,0
Kagera,Bagamoyo,0,0,0
Kagera,Bahi,0,0,0
Kagera,Bariadi,0,0,0
Kagera,Biharamulo,274,21,108
Kagera,Bukoba Rural,224,97,166
Kagera,Bukoba Urban,46,10,32
Kagera,Bukombe,0,0,0
Kagera,Bunda,0,0,0
Kagera,Chamwino,0,0,0
Kagera,Chato,134,3,99
Kagera,Chunya,0,0,0
Kagera,Dodoma Urban,0,0,0
Kagera,Geita,0,0,0
Kagera,Hai,0,0,0
Kagera,Hanang,0,0,0
Kagera,Handeni,0,0,0
Kagera,Igunga,0,0,0
Kagera,Ilala,0,0,0
Kagera,Ileje,0,0,0
Kagera,Ilemela,0,0,0
Kagera,Iramba,0,0,0
Kagera,Iringa Rural,0,0,0
Kagera,Kahama,0,0,0
Kagera,Karagwe,409,45,317
Kagera,Karatu,0,0,0
Kagera,Kasulu,0,0,0
Kagera,Kibaha,0,0,0
Kagera,Kibondo,0,0,0
Kagera,Kigoma Rural,0,0,0
Kagera,Kigoma Urban,0,0,0
Kagera,Kilindi,0,0,0
Kagera,Kilolo,0,0,0
Kagera,Kilombero,0,0,0
Kagera,Kilosa,0,0,0
Kagera,Kilwa,0,0,0
Kagera,Kinondoni,0,0,0
Kagera,Kisarawe,0,0,0
Kagera,Kishapu,0,0,0
Kagera,Kiteto,0,0,0
Kagera,Kondoa,0,0,0
Kagera,Kongwa,0,0,0
Kagera,Korogwe,0,0,0
Kagera,Kwimba,0,0,0
Kagera,Kyela,0,0,0
Kagera,Lindi Rural,0,0,0
Kagera,Lindi Urban,0,0,0
Kagera,Liwale,0,0,0
Kagera,Longido,0,0,0
Kagera,Ludewa,0,0,0
Kagera,Lushoto,0,0,0
Kagera,Mafia,0,0,0
Kagera,Magu,0,0,0
Kagera,Makete,0,0,0
Kagera,Manyoni,0,0,0
Kagera,Masasi,0,0,0
Kagera,Maswa,0,0,0
Kagera,Mbarali,0,0,0
Kagera,Mbeya Rural,0,0,0
Kagera,Mbinga,0,0,0
Kagera,Mbozi,0,0,0
Kagera,Mbulu,0,0,0
Kagera,Meatu,0,0,0
Kagera,Meru,0,0,0
Kagera,Misenyi,84,34,142
Kagera,Missungwi,0,0,0
Kagera,Mkinga,0,0,0
Kagera,Mkuranga,0,0,0
Kagera,Monduli,0,0,0
Kagera,Morogoro Rural,0,0,0
Kagera,Morogoro Urban,0,0,0
Kagera,Moshi Rural,0,0,0
Kagera,Moshi Urban,0,0,0
Kagera,Mpanda,0,0,0
Kagera,Mpwapwa,0,0,0
Kagera,Mtwara Rural,0,0,0
Kagera,Mtwara Urban,0,0,0
Kagera,Mufindi,0,0,0
Kagera,Muheza,0,0,0
Kagera,Muleba,183,9,210
Kagera,Musoma Rural,0,0,0
Kagera,Mvomero,0,0,0
Kagera,Mwanga,0,0,0
Kagera,Nachingwea,0,0,0
Kagera,Namtumbo,0,0,0
Kagera,Nanyumbu,0,0,0
Kagera,Newala,0,0,0
Kagera,Ngara,373,85,211
Kagera,Ngorongoro,0,0,0
Kagera,Njombe,0,0,0
Kagera,Nkasi,0,0,0
Kagera,Nyamagana,0,0,0
Kagera,Nzega,0,0,0
Kagera,Pangani,0,0,0
Kagera,Rombo,0,0,0
Kagera,Rorya,0,0,0
Kagera,Ruangwa,0,0,0
Kagera,Rufiji,0,0,0
Kagera,Rungwe,0,0,0
Kagera,Same,0,0,0
Kagera,Sengerema,0,0,0
Kagera,Serengeti,0,0,0
Kagera,Shinyanga Rural,0,0,0
Kagera,Shinyanga Urban,0,0,0
Kagera,Siha,0,0,0
Kagera,Sikonge,0,0,0
Kagera,Simanjiro,0,0,0
Kagera,Singida Rural,0,0,0
Kagera,Singida Urban,0,0,0
Kagera,Songea Rural,0,0,0
Kagera,Songea Urban,0,0,0
Kagera,Sumbawanga Rural,0,0,0
Kagera,Sumbawanga Urban,0,0,0
Kagera,Tabora Urban,0,0,0
Kagera,Tandahimba,0,0,0
Kagera,Tanga,0,0,0
Kagera,Tarime,0,0,0
Kagera,Temeke,0,0,0
Kagera,Tunduru,0,0,0
Kagera,Ukerewe,0,0,0
Kagera,Ulanga,0,0,0
Kagera,Urambo,0,0,0
Kagera,Uyui,0,0,0
Kigoma,Arusha Rural,0,0,0
Kigoma,Arusha Urban,0,0,0
Kigoma,Babati,0,0,0
Kigoma,Bagamoyo,0,0,0
Kigoma,Bahi,0,0,0
Kigoma,Bariadi,0,0,0
Kigoma,Biharamulo,0,0,0
Kigoma,Bukoba Rural,0,0,0
Kigoma,Bukoba Urban,0,0,0
Kigoma,Bukombe,0,0,0
Kigoma,Bunda,0,0,0
Kigoma,Chamwino,0,0,0
Kigoma,Chato,0,0,0
Kigoma,Chunya,0,0,0
Kigoma,Dodoma Urban,0,0,0
Kigoma,Geita,0,0,0
Kigoma,Hai,0,0,0
Kigoma,Hanang,0,0,0
Kigoma,Handeni,0,0,0
Kigoma,Igunga,0,0,0
Kigoma,Ilala,0,0,0
Kigoma,Ileje,0,0,0
Kigoma,Ilemela,0,0,0
Kigoma,Iramba,0,0,0
Kigoma,Iringa Rural,0,0,0
Kigoma,Kahama,0,0,0
Kigoma,Karagwe,0,0,0
Kigoma,Karatu,0,0,0
Kigoma,Kasulu,611,201,235
Kigoma,Kibaha,0,0,0
Kigoma,Kibondo,452,67,355
Kigoma,Kigoma Rural,285,327,212
Kigoma,Kigoma Urban,15,8,48
Kigoma,Kilindi,0,0,0
Kigoma,Kilolo,0,0,0
Kigoma,Kilombero,0,0,0
Kigoma,Kilosa,0,0,0
Kigoma,Kilwa,0,0,0
Kigoma,Kinondoni,0,0,0
Kigoma,Kisarawe,0,0,0
Kigoma,Kishapu,0,0,0
Kigoma,Kiteto,0,0,0
Kigoma,Kondoa,0,0,0
Kigoma,Kongwa,0,0,0
Kigoma,Korogwe,0,0,0
Kigoma,Kwimba,0,0,0
Kigoma,Kyela,0,0,0
Kigoma,Lindi Rural,0,0,0
Kigoma,Lindi Urban,0,0,0
Kigoma,Liwale,0,0,0
Kigoma,Longido,0,0,0
Kigoma,Ludewa,0,0,0
Kigoma,Lushoto,0,0,0
Kigoma,Mafia,0,0,0
Kigoma,Magu,0,0,0
Kigoma,Makete,0,0,0
Kigoma,Manyoni,0,0,0
Kigoma,Masasi,0,0,0
Kigoma,Maswa,0,0,0
Kigoma,Mbarali,0,0,0
Kigoma,Mbeya Rural,0,0,0
Kigoma,Mbinga,0,0,0
Kigoma,Mbozi,0,0,0
Kigoma,Mbulu,0,0,0
Kigoma,Meatu,0,0,0
Kigoma,Meru,0,0,0
Kigoma,Misenyi,0,0,0
Kigoma,Missungwi,0,0,0
Kigoma,Mkinga,0,0,0
Kigoma,Mkuranga,0,0,0
Kigoma,Monduli,0,0,0
Kigoma,Morogoro Rural,0,0,0
Kigoma,Morogoro Urban,0,0,0
Kigoma,Moshi Rural,0,0,0
Kigoma,Moshi Urban,0,0,0
Kigoma,Mpanda,0,0,0
Kigoma,Mpwapwa,0,0,0
Kigoma,Mtwara Rural,0,0,0
Kigoma,Mtwara Urban,0,0,0
Kigoma,Mufindi,0,0,0
Kigoma,Muheza,0,0,0
Kigoma,Muleba,0,0,0
Kigoma,Musoma Rural,0,0,0
Kigoma,Mvomero,0,0,0
Kigoma,Mwanga,0,0,0
Kigoma,Nachingwea,0,0,0
Kigoma,Namtumbo,0,0,0
Kigoma,Nanyumbu,0,0,0
Kigoma,Newala,0,0,0
Kigoma,Ngara,0,0,0
Kigoma,Ngorongoro,0,0,0
Kigoma,Njombe,0,0,0
Kigoma,Nkasi,0,0,0
Kigoma,Nyamagana,0,0,0
Kigoma,Nzega,0,0,0
Kigoma,Pangani,0,0,0
Kigoma,Rombo,0,0,0
Kigoma,Rorya,0,0,0
Kigoma,Ruangwa,0,0,0
Kigoma,Rufiji,0,0,0
Kigoma,Rungwe,0,0,0
Kigoma,Same,0,0,0
Kigoma,Sengerema,0,0,0
Kigoma,Serengeti,0,0,0
Kigoma,Shinyanga Rural,0,0,0
Kigoma,Shinyanga Urban,0,0,0
Kigoma,Siha,0,0,0
Kigoma,Sikonge,0,0,0
Kigoma,Simanjiro,0,0,0
Kigoma,Singida Rural,0,0,0
Kigoma,Singida Urban,0,0,0
Kigoma,Songea Rural,0,0,0
Kigoma,Songea Urban,0,0,0
Kigoma,Sumbawanga Rural,0,0,0
Kigoma,Sumbawanga Urban,0,0,0
Kigoma,Tabora Urban,0,0,0
Kigoma,Tandahimba,0,0,0
Kigoma,Tanga,0,0,0
Kigoma,Tarime,0,0,0
Kigoma,Temeke,0,0,0
Kigoma,Tunduru,0,0,0
Kigoma,Ukerewe,0,0,0
Kigoma,Ulanga,0,0,0
Kigoma,Urambo,0,0,0
Kigoma,Uyui,0,0,0
Kilimanjaro,Arusha Rural,0,0,0
Kilimanjaro,Arusha Urban,0,0,0
Kilimanjaro,Babati,0,0,0
Kilimanjaro,Bagamoyo,0,0,0
Kilimanjaro,Bahi,0,0,0
Kilimanjaro,Bariadi,0,0,0
Kilimanjaro,Biharamulo,0,0,0
Kilimanjaro,Bukoba Rural,0,0,0
Kilimanjaro,Bukoba Urban,0,0,0
Kilimanjaro,Bukombe,0,0,0
Kilimanjaro,Bunda,0,0,0
Kilimanjaro,Chamwino,0,0,0
Kilimanjaro,Chato,0,0,0
Kilimanjaro,Chunya,0,0,0
Kilimanjaro,Dodoma Urban,0,0,0
Kilimanjaro,Geita,0,0,0
Kilimanjaro,Hai,544,4,77
Kilimanjaro,Hanang,0,0,0
Kilimanjaro,Handeni,0,0,0
Kilimanjaro,Igunga,0,0,0
Kilimanjaro,Ilala,0,0,0
Kilimanjaro,Ileje,0,0,0
Kilimanjaro,Ilemela,0,0,0
Kilimanjaro,Iramba,0,0,0
Kilimanjaro,Iringa Rural,0,0,0
Kilimanjaro,Kahama,0,0,0
Kilimanjaro,Karagwe,0,0,0
Kilimanjaro,Karatu,0,0,0
Kilimanjaro,Kasulu,0,0,0
Kilimanjaro,Kibaha,0,0,0
Kilimanjaro,Kibondo,0,0,0
Kilimanjaro,Kigoma Rural,0,0,0
Kilimanjaro,Kigoma Urban,0,0,0
Kilimanjaro,Kilindi,0,0,0
Kilimanjaro,Kilolo,0,0,0
Kilimanjaro,Kilombero,0,0,0
Kilimanjaro,Kilosa,0,0,0
Kilimanjaro,Kilwa,0,0,0
Kilimanjaro,Kinondoni,0,0,0
Kilimanjaro,Kisarawe,0,0,0
Kilimanjaro,Kishapu,0,0,0
Kilimanjaro,Kiteto,0,0,0
Kilimanjaro,Kondoa,0,0,0
Kilimanjaro,Kongwa,0,0,0
Kilimanjaro,Korogwe,0,0,0
Kilimanjaro,Kwimba,0,0,0
Kilimanjaro,Kyela,0,0,0
Kilimanjaro,Lindi Rural,0,0,0
Kilimanjaro,Lindi Urban,0,0,0
Kilimanjaro,Liwale,0,0,0
Kilimanjaro,Longido,0,0,0
Kilimanjaro,Ludewa,0,0,0
Kilimanjaro,Lushoto,0,0,0
Kilimanjaro,Mafia,0,0,0
Kilimanjaro,Magu,0,0,0
Kilimanjaro,Makete,0,0,0
Kilimanjaro,Manyoni,0,0,0
Kilimanjaro,Masasi,0,0,0
Kilimanjaro,Maswa,0,0,0
Kilimanjaro,Mbarali,0,0,0
Kilimanjaro,Mbeya Rural,0,0,0
Kilimanjaro,Mbinga,0,0,0
Kilimanjaro,Mbozi,0,0,0
Kilimanjaro,Mbulu,0,0,0
Kilimanjaro,Meatu,0,0,0
Kilimanjaro,Meru,0,0,0
Kilimanjaro,Misenyi,0,0,0
Kilimanjaro,Missungwi,0,0,0
Kilimanjaro,Mkinga,0,0,0
Kilimanjaro,Mkuranga,0,0,0
Kilimanjaro,Monduli,0,0,0
Kilimanjaro,Morogoro Rural,0,0,0
Kilimanjaro,Morogoro Urban,0,0,0
Kilimanjaro,Moshi Rural,733,119,399
Kilimanjaro,Moshi Urban,63,0,16
Kilimanjaro,Mpanda,0,0,0
Kilimanjaro,Mpwapwa,0,0,0
Kilimanjaro,Mtwara Rural,0,0,0
Kilimanjaro,Mtwara Urban,0,0,0
Kilimanjaro,Mufindi,0,0,0
Kilimanjaro,Muheza,0,0,0
Kilimanjaro,Muleba,0,0,0
Kilimanjaro,Musoma Rural,0,0,0
Kilimanjaro,Mvomero,0,0,0
Kilimanjaro,Mwanga,231,49,239
Kilimanjaro,Nachingwea,0,0,0
Kilimanjaro,Namtumbo,0,0,0
Kilimanjaro,Nanyumbu,0,0,0
Kilimanjaro,Newala,0,0,0
Kilimanjaro,Ngara,0,0,0
Kilimanjaro,Ngorongoro,0,0,0
Kilimanjaro,Njombe,0,0,0
Kilimanjaro,Nkasi,0,0,0
Kilimanjaro,Nyamagana,0,0,0
Kilimanjaro,Nzega,0,0,0
Kilimanjaro,Pangani,0,0,0
Kilimanjaro,Rombo,208,17,369
Kilimanjaro,Rorya,0,0,0
Kilimanjaro,Ruangwa,0,0,0
Kilimanjaro,Rufiji,0,0,0
Kilimanjaro,Rungwe,0,0,0
Kilimanjaro,Same,449,131,297
Kilimanjaro,Sengerema,0,0,0
Kilimanjaro,Serengeti,0,0,0
Kilimanjaro,Shinyanga Rural,0,0,0
Kilimanjaro,Shinyanga Urban,0,0,0
Kilimanjaro,Siha,412,2,20
Kilimanjaro,Sikonge,0,0,0
Kilimanjaro,Simanjiro,0,0,0
Kilimanjaro,Singida Rural,0,0,0
Kilimanjaro,Singida Urban,0,0,0
Kilimanjaro,Songea Rural,0,0,0
Kilimanjaro,Songea Urban,0,0,0
Kilimanjaro,Sumbawanga Rural,0,0,0
Kilimanjaro,Sumbawanga Urban,0,0,0
Kilimanjaro,Tabora Urban,0,0,0
Kilimanjaro,Tandahimba,0,0,0
Kilimanjaro,Tanga,0,0,0
Kilimanjaro,Tarime,0,0,0
Kilimanjaro,Temeke,0,0,0
Kilimanjaro,Tunduru,0,0,0
Kilimanjaro,Ukerewe,0,0,0
Kilimanjaro,Ulanga,0,0,0
Kilimanjaro,Urambo,0,0,0
Kilimanjaro,Uyui,0,0,0
Lindi,Arusha Rural,0,0,0
Lindi,Arusha Urban,0,0,0
Lindi,Babati,0,0,0
Lindi,Bagamoyo,0,0,0
Lindi,Bahi,0,0,0
Lindi,Bariadi,0,0,0
Lindi,Biharamulo,0,0,0
Lindi,Bukoba Rural,0,0,0
Lindi,Bukoba Urban,0,0,0
Lindi,Bukombe,0,0,0
Lindi,Bunda,0,0,0
Lindi,Chamwino,0,0,0
Lindi,Chato,0,0,0
Lindi,Chunya,0,0,0
Lindi,Dodoma Urban,0,0,0
Lindi,Geita,0,0,0
Lindi,Hai,0,0,0
Lindi,Hanang,0,0,0
Lindi,Handeni,0,0,0
Lindi,Igunga,0,0,0
Lindi,Ilala,0,0,0
Lindi,Ileje,0,0,0
Lindi,Ilemela,0,0,0
Lindi,Iramba,0,0,0
Lindi,Iringa Rural,0,0,0
Lindi,Kahama,0,0,0
Lindi,Karagwe,0,0,0
Lindi,Karatu,0,0,0
Lindi,Kasulu,0,0,0
Lindi,Kibaha,0,0,0
Lindi,Kibondo,0,0,0
Lindi,Kigoma Rural,0,0,0
Lindi,Kigoma Urban,0,0,0
Lindi,Kilindi,0,0,0
Lindi,Kilolo,0,0,0
Lindi,Kilombero,0,0,0
Lindi,Kilosa,0,0,0
Lindi,Kilwa,119,29,244
Lindi,Kinondoni,0,0,0
Lindi,Kisarawe,0,0,0
Lindi,Kishapu,0,0,0
Lindi,Kiteto,0,0,0
Lindi,Kondoa,0,0,0
Lindi,Kongwa,0,0,0
Lindi,Korogwe,0,0,0
Lindi,Kwimba,0,0,0
Lindi,Kyela,0,0,0
Lindi,Lindi Rural,217,26,145
Lindi,Lindi Urban,7,0,14
Lindi,Liwale,39,3,112
Lindi,Longido,0,0,0
Lindi,Ludewa,0,0,0
Lindi,Lushoto,0,0,0
Lindi,Mafia,0,0,0
Lindi,Magu,0,0,0
Lindi,Makete,0,0,0
Lindi,Manyoni,0,0,0
Lindi,Masasi,0,0,0
Lindi,Maswa,0,0,0
Lindi,Mbarali,0,0,0
Lindi,Mbeya Rural,0,0,0
Lindi,Mbinga,0,0,0
Lindi,Mbozi,0,0,0
Lindi,Mbulu,0,0,0
Lindi,Meatu,0,0,0
Lindi,Meru,0,0,0
Lindi,Misenyi,0,0,0
Lindi,Missungwi,0,0,0
Lindi,Mkinga,0,0,0
Lindi,Mkuranga,0,0,0
Lindi,Monduli,0,0,0
Lindi,Morogoro Rural,0,0,0
Lindi,Morogoro Urban,0,0,0
Lindi,Moshi Rural,0,0,0
Lindi,Moshi Urban,0,0,0
Lindi,Mpanda,0,0,0
Lindi,Mpwapwa,0,0,0
Lindi,Mtwara Rural,0,0,0
Lindi,Mtwara Urban,0,0,0
Lindi,Mufindi,0,0,0
Lindi,Muheza,0,0,0
Lindi,Muleba,0,0,0
Lindi,Musoma Rural,0,0,0
Lindi,Mvomero,0,0,0
Lindi,Mwanga,0,0,0
Lindi,Nachingwea,26,15,259
Lindi,Namtumbo,0,0,0
Lindi,Nanyumbu,0,0,0
Lindi,Newala,0,0,0
Lindi,Ngara,0,0,0
Lindi,Ngorongoro,0,0,0
Lindi,Njombe,0,0,0
Lindi,Nkasi,0,0,0
Lindi,Nyamagana,0,0,0
Lindi,Nzega,0,0,0
Lindi,Pangani,0,0,0
Lindi,Rombo,0,0,0
Lindi,Rorya,0,0,0
Lindi,Ruangwa,52,20,219
Lindi,Rufiji,0,0,0
Lindi,Rungwe,0,0,0
Lindi,Same,0,0,0
Lindi,Sengerema,0,0,0
Lindi,Serengeti,0,0,0
Lindi,Shinyanga Rural,0,0,0
Lindi,Shinyanga Urban,0,0,0
Lindi,Siha,0,0,0
Lindi,Sikonge,0,0,0
Lindi,Simanjiro,0,0,0
Lindi,Singida Rural,0,0,0
Lindi,Singida Urban,0,0,0
Lindi,Songea Rural,0,0,0
Lindi,Songea Urban,0,0,0
Lindi,Sumbawanga Rural,0,0,0
Lindi,Sumbawanga Urban,0,0,0
Lindi,Tabora Urban,0,0,0
Lindi,Tandahimba,0,0,0
Lindi,Tanga,0,0,0
Lindi,Tarime,0,0,0
Lindi,Temeke,0,0,0
Lindi,Tunduru,0,0,0
Lindi,Ukerewe,0,0,0
Lindi,Ulanga,0,0,0
Lindi,Urambo,0,0,0
Lindi,Uyui,0,0,0
Manyara,Arusha Rural,0,0,0
Manyara,Arusha Urban,0,0,0
Manyara,Babati,381,53,77
Manyara,Bagamoyo,0,0,0
Manyara,Bahi,0,0,0
Manyara,Bariadi,0,0,0
Manyara,Biharamulo,0,0,0
Manyara,Bukoba Rural,0,0,0
Manyara,Bukoba Urban,0,0,0
Manyara,Bukombe,0,0,0
Manyara,Bunda,0,0,0
Manyara,Chamwino,0,0,0
Manyara,Chato,0,0,0
Manyara,Chunya,0,0,0
Manyara,Dodoma Urban,0,0,0
Manyara,Geita,0,0,0
Manyara,Hai,0,0,0
Manyara,Hanang,191,0,83
Manyara,Handeni,0,0,0
Manyara,Igunga,0,0,0
Manyara,Ilala,0,0,0
Manyara,Ileje,0,0,0
Manyara,Ilemela,0,0,0
Manyara,Iramba,0,0,0
Manyara,Iringa Rural,0,0,0
Manyara,Kahama,0,0,0
Manyara,Karagwe,0,0,0
Manyara,Karatu,0,0,0
Manyara,Kasulu,0,0,0
Manyara,Kibaha,0,0,0
Manyara,Kibondo,0,0,0
Manyara,Kigoma Rural,0,0,0
Manyara,Kigoma Urban,0,0,0
Manyara,Kilindi,0,0,0
Manyara,Kilolo,0,0,0
Manyara,Kilombero,0,0,0
Manyara,Kilosa,0,0,0
Manyara,Kilwa,0,0,0
Manyara,Kinondoni,0,0,0
Manyara,Kisarawe,0,0,0
Manyara,Kishapu,0,0,0
Manyara,Kiteto,45,28,120
Manyara,Kondoa,0,0,0
Manyara,Kongwa,0,0,0
Manyara,Korogwe,0,0,0
Manyara,Kwimba,0,0,0
Manyara,Kyela,0,0,0
Manyara,Lindi Rural,0,0,0
Manyara,Lindi Urban,0,0,0
Manyara,Liwale,0,0,0
Manyara,Longido,0,0,0
Manyara,Ludewa,0,0,0
Manyara,Lushoto,0,0,0
Manyara,Mafia,0,0,0
Manyara,Magu,0,0,0
Manyara,Makete,0,0,0
Manyara,Manyoni,0,0,0
Manyara,Masasi,0,0,0
Manyara,Maswa,0,0,0
Manyara,Mbarali,0,0,0
Manyara,Mbeya Rural,0,0,0
Manyara,Mbinga,0,0,0
Manyara,Mbozi,0,0,0
Manyara,Mbulu,191,10,96
Manyara,Meatu,0,0,0
Manyara,Meru,0,0,0
Manyara,Misenyi,0,0,0
Manyara,Missungwi,0,0,0
Manyara,Mkinga,0,0,0
Manyara,Mkuranga,0,0,0
Manyara,Monduli,0,0,0
Manyara,Morogoro Rural,0,0,0
Manyara,Morogoro Urban,0,0,0
Manyara,Moshi Rural,0,0,0
Manyara,Moshi Urban,0,0,0
Manyara,Mpanda,0,0,0
Manyara,Mpwapwa,0,0,0
Manyara,Mtwara Rural,0,0,0
Manyara,Mtwara Urban,0,0,0
Manyara,Mufindi,0,0,0
Manyara,Muheza,0,0,0
Manyara,Muleba,0,0,0
Manyara,Musoma Rural,0,0,0
Manyara,Mvomero,0,0,0
Manyara,Mwanga,0,0,0
Manyara,Nachingwea,0,0,0
Manyara,Namtumbo,0,0,0
Manyara,Nanyumbu,0,0,0
Manyara,Newala,0,0,0
Manyara,Ngara,0,0,0
Manyara,Ngorongoro,0,0,0
Manyara,Njombe,0,0,0
Manyara,Nkasi,0,0,0
Manyara,Nyamagana,0,0,0
Manyara,Nzega,0,0,0
Manyara,Pangani,0,0,0
Manyara,Rombo,0,0,0
Manyara,Rorya,0,0,0
Manyara,Ruangwa,0,0,0
Manyara,Rufiji,0,0,0
Manyara,Rungwe,0,0,0
Manyara,Same,0,0,0
Manyara,Sengerema,0,0,0
Manyara,Serengeti,0,0,0
Manyara,Shinyanga Rural,0,0,0
Manyara,Shinyanga Urban,0,0,0
Manyara,Siha,0,0,0
Manyara,Sikonge,0,0,0
Manyara,Simanjiro,179,5,124
Manyara,Singida Rural,0,0,0
Manyara,Singida Urban,0,0,0
Manyara,Songea Rural,0,0,0
Manyara,Songea Urban,0,0,0
Manyara,Sumbawanga Rural,0,0,0
Manyara,Sumbawanga Urban,0,0,0
Manyara,Tabora Urban,0,0,0
Manyara,Tandahimba,0,0,0
Manyara,Tanga,0,0,0
Manyara,Tarime,0,0,0
Manyara,Temeke,0,0,0
Manyara,Tunduru,0,0,0
Manyara,Ukerewe,0,0,0
Manyara,Ulanga,0,0,0
Manyara,Urambo,0,0,0
Manyara,Uyui,0,0,0
Mara,Arusha Rural,0,0,0
Mara,Arusha Urban,0,0,0
Mara,Babati,0,0,0
Mara,Bagamoyo,0,0,0
Mara,Bahi,0,0,0
Mara,Bariadi,0,0,0
Mara,Biharamulo,0,0,0
Mara,Bukoba Rural,0,0,0
Mara,Bukoba Urban,0,0,0
Mara,Bukombe,0,0,0
Mara,Bunda,133,6,299
Mara,Chamwino,0,0,0
Mara,Chato,0,0,0
Mara,Chunya,0,0,0
Mara,Dodoma Urban,0,0,0
Mara,Geita,0,0,0
Mara,Hai,0,0,0
Mara,Hanang,0,0,0
Mara,Handeni,0,0,0
Mara,Igunga,0,0,0
Mara,Ilala,0,0,0
Mara,Ileje,0,0,0
Mara,Ilemela,0,0,0
Mara,Iramba,0,0,0
Mara,Iringa Rural,0,0,0
Mara,Kahama,0,0,0
Mara,Karagwe,0,0,0
Mara,Karatu,0,0,0
Mara,Kasulu,0,0,0
Mara,Kibaha,0,0,0
Mara,Kibondo,0,0,0
Mara,Kigoma Rural,0,0,0
Mara,Kigoma Urban,0,0,0
Mara,Kilindi,0,0,0
Mara,Kilolo,0,0,0
Mara,Kilombero,0,0,0
Mara,Kilosa,0,0,0
Mara,Kilwa,0,0,0
Mara,Kinondoni,0,0,0
Mara,Kisarawe,0,0,0
Mara,Kishapu,0,0,0
Mara,Kiteto,0,0,0
Mara,Kondoa,0,0,0
Mara,Kongwa,0,0,0
Mara,Korogwe,0,0,0
Mara,Kwimba,0,0,0
Mara,Kyela,0,0,0
Mara,Lindi Rural,0,0,0
Mara,Lindi Urban,0,0,0
Mara,Liwale,0,0,0
Mara,Longido,0,0,0
Mara,Ludewa,0,0,0
Mara,Lushoto,0,0,0
Mara,Mafia,0,0,0
Mara,Magu,0,0,0
Mara,Makete,0,0,0
Mara,Manyoni,0,0,0
Mara,Masasi,0,0,0
Mara,Maswa,0,0,0
Mara,Mbarali,0,0,0
Mara,Mbeya Rural,0,0,0
Mara,Mbinga,0,0,0
Mara,Mbozi,0,0,0
Mara,Mbulu,0,0,0
Mara,Meatu,0,0,0
Mara,Meru,0,0,0
Mara,Misenyi,0,0,0
Mara,Missungwi,0,0,0
Mara,Mkinga,0,0,0
Mara,Mkuranga,0,0,0
Mara,Monduli,0,0,0
Mara,Morogoro Rural,0,0,0
Mara,Morogoro Urban,0,0,0
Mara,Moshi Rural,0,0,0
Mara,Moshi Urban,0,0,0
Mara,Mpanda,0,0,0
Mara,Mpwapwa,0,0,0
Mara,Mtwara Rural,0,0,0
Mara,Mtwara Urban,0,0,0
Mara,Mufindi,0,0,0
Mara,Muheza,0,0,0
Mara,Muleba,0,0,0
Mara,Musoma Rural,149,26,221
Mara,Mvomero,0,0,0
Mara,Mwanga,0,0,0
Mara,Nachingwea,0,0,0
Mara,Namtumbo,0,0,0
Mara,Nanyumbu,0,0,0
Mara,Newala,0,0,0
Mara,Ngara,0,0,0
Mara,Ngorongoro,0,0,0
Mara,Njombe,0,0,0
Mara,Nkasi,0,0,0
Mara,Nyamagana,0,0,0
Mara,Nzega,0,0,0
Mara,Pangani,0,0,0
Mara,Rombo,0,0,0
Mara,Rorya,55,1,154
Mara,Ruangwa,0,0,0
Mara,Rufiji,0,0,0
Mara,Rungwe,0,0,0
Mara,Same,0,0,0
Mara,Sengerema,0,0,0
Mara,Serengeti,424,27,265
Mara,Shinyanga Rural,0,0,0
Mara,Shinyanga Urban,0,0,0
Mara,Siha,0,0,0
Mara,Sikonge,0,0,0
Mara,Simanjiro,0,0,0
Mara,Singida Rural,0,0,0
Mara,Singida Urban,0,0,0
Mara,Songea Rural,0,0,0
Mara,Songea Urban,0,0,0
Mara,Sumbawanga Rural,0,0,0
Mara,Sumbawanga Urban,0,0,0
Mara,Tabora Urban,0,0,0
Mara,Tandahimba,0,0,0
Mara,Tanga,0,0,0
Mara,Tarime,125,0,84
Mara,Temeke,0,0,0
Mara,Tunduru,0,0,0
Mara,Ukerewe,0,0,0
Mara,Ulanga,0,0,0
Mara,Urambo,0,0,0
Mara,Uyui,0,0,0
Mbeya,Arusha Rural,0,0,0
Mbeya,Arusha Urban,0,0,0
Mbeya,Babati,0,0,0
Mbeya,Bagamoyo,0,0,0
Mbeya,Bahi,0,0,0
Mbeya,Bariadi,0,0,0
Mbeya,Biharamulo,0,0,0
Mbeya,Bukoba Rural,0,0,0
Mbeya,Bukoba Urban,0,0,0
Mbeya,Bukombe,0,0,0
Mbeya,Bunda,0,0,0
Mbeya,Chamwino,0,0,0
Mbeya,Chato,0,0,0
Mbeya,Chunya,72,100,126
Mbeya,Dodoma Urban,0,0,0
Mbeya,Geita,0,0,0
Mbeya,Hai,0,0,0
Mbeya,Hanang,0,0,0
Mbeya,Handeni,0,0,0
Mbeya,Igunga,0,0,0
Mbeya,Ilala,0,0,0
Mbeya,Ileje,158,2,71
Mbeya,Ilemela,0,0,0
Mbeya,Iramba,0,0,0
Mbeya,Iringa Rural,0,0,0
Mbeya,Kahama,0,0,0
Mbeya,Karagwe,0,0,0
Mbeya,Karatu,0,0,0
Mbeya,Kasulu,0,0,0
Mbeya,Kibaha,0,0,0
Mbeya,Kibondo,0,0,0
Mbeya,Kigoma Rural,0,0,0
Mbeya,Kigoma Urban,0,0,0
Mbeya,Kilindi,0,0,0
Mbeya,Kilolo,0,0,0
Mbeya,Kilombero,0,0,0
Mbeya,Kilosa,0,0,0
Mbeya,Kilwa,0,0,0
Mbeya,Kinondoni,0,0,0
Mbeya,Kisarawe,0,0,0
Mbeya,Kishapu,0,0,0
Mbeya,Kiteto,0,0,0
Mbeya,Kondoa,0,0,0
Mbeya,Kongwa,0,0,0
Mbeya,Korogwe,0,0,0
Mbeya,Kwimba,0,0,0
Mbeya,Kyela,360,8,491
Mbeya,Lindi Rural,0,0,0
Mbeya,Lindi Urban,0,0,0
Mbeya,Liwale,0,0,0
Mbeya,Longido,0,0,0
Mbeya,Ludewa,0,0,0
Mbeya,Lushoto,0,0,0
Mbeya,Mafia,0,0,0
Mbeya,Magu,0,0,0
Mbeya,Makete,0,0,0
Mbeya,Manyoni,0,0,0
Mbeya,Masasi,0,0,0
Mbeya,Maswa,0,0,0
Mbeya,Mbarali,311,134,181
Mbeya,Mbeya Rural,292,29,164
Mbeya,Mbinga,0,0,0
Mbeya,Mbozi,450,70,514
Mbeya,Mbulu,0,0,0
Mbeya,Meatu,0,0,0
Mbeya,Meru,0,0,0
Mbeya,Misenyi,0,0,0
Mbeya,Missungwi,0,0,0
Mbeya,Mkinga,0,0,0
Mbeya,Mkuranga,0,0,0
Mbeya,Monduli,0,0,0
Mbeya,Morogoro Rural,0,0,0
Mbeya,Morogoro Urban,0,0,0
Mbeya,Moshi Rural,0,0,0
Mbeya,Moshi Urban,0,0,0
Mbeya,Mpanda,0,0,0
Mbeya,Mpwapwa,0,0,0
Mbeya,Mtwara Rural,0,0,0
Mbeya,Mtwara Urban,0,0,0
Mbeya,Mufindi,0,0,0
Mbeya,Muheza,0,0,0
Mbeya,Muleba,0,0,0
Mbeya,Musoma Rural,0,0,0
Mbeya,Mvomero,0,0,0
Mbeya,Mwanga,0,0,0
Mbeya,Nachingwea,0,0,0
Mbeya,Namtumbo,0,0,0
Mbeya,Nanyumbu,0,0,0
Mbeya,Newala,0,0,0
Mbeya,Ngara,0,0,0
Mbeya,Ngorongoro,0,0,0
Mbeya,Njombe,0,0,0
Mbeya,Nkasi,0,0,0
Mbeya,Nyamagana,0,0,0
Mbeya,Nzega,0,0,0
Mbeya,Pangani,0,0,0
Mbeya,Rombo,0,0,0
Mbeya,Rorya,0,0,0
Mbeya,Ruangwa,0,0,0
Mbeya,Rufiji,0,0,0
Mbeya,Rungwe,676,161,269
Mbeya,Same,0,0,0
Mbeya,Sengerema,0,0,0
Mbeya,Serengeti,0,0,0
Mbeya,Shinyanga Rural,0,0,0
Mbeya,Shinyanga Urban,0,0,0
Mbeya,Siha,0,0,0
Mbeya,Sikonge,0,0,0
Mbeya,Simanjiro,0,0,0
Mbeya,Singida Rural,0,0,0
Mbeya,Singida Urban,0,0,0
Mbeya,Songea Rural,0,0,0
Mbeya,Songea Urban,0,0,0
Mbeya,Sumbawanga Rural,0,0,0
Mbeya,Sumbawanga Urban,0,0,0
Mbeya,Tabora Urban,0,0,0
Mbeya,Tandahimba,0,0,0
Mbeya,Tanga,0,0,0
Mbeya,Tarime,0,0,0
Mbeya,Temeke,0,0,0
Mbeya,Tunduru,0,0,0
Mbeya,Ukerewe,0,0,0
Mbeya,Ulanga,0,0,0
Mbeya,Urambo,0,0,0
Mbeya,Uyui,0,0,0
Morogoro,Arusha Rural,0,0,0
Morogoro,Arusha Urban,0,0,0
Morogoro,Babati,0,0,0
Morogoro,Bagamoyo,0,0,0
Morogoro,Bahi,0,0,0
Morogoro,Bariadi,0,0,0
Morogoro,Biharamulo,0,0,0
Morogoro,Bukoba Rural,0,0,0
Morogoro,Bukoba Urban,0,0,0
Morogoro,Bukombe,0,0,0
Morogoro,Bunda,0,0,0
Morogoro,Chamwino,0,0,0
Morogoro,Chato,0,0,0
Morogoro,Chunya,0,0,0
Morogoro,Dodoma Urban,0,0,0
Morogoro,Geita,0,0,0
Morogoro,Hai,0,0,0
Morogoro,Hanang,0,0,0
Morogoro,Handeni,0,0,0
Morogoro,Igunga,0,0,0
Morogoro,Ilala,0,0,0
Morogoro,Ileje,0,0,0
Morogoro,Ilemela,0,0,0
Morogoro,Iramba,0,0,0
Morogoro,Iringa Rural,0,0,0
Morogoro,Kahama,0,0,0
Morogoro,Karagwe,0,0,0
Morogoro,Karatu,0,0,0
Morogoro,Kasulu,0,0,0
Morogoro,Kibaha,0,0,0
Morogoro,Kibondo,0,0,0
Morogoro,Kigoma Rural,0,0,0
Morogoro,Kigoma Urban,0,0,0
Morogoro,Kilindi,0,0,0
Morogoro,Kilolo,0,0,0
Morogoro,Kilombero,502,81,376
Morogoro,Kilosa,587,73,434
Morogoro,Kilwa,0,0,0
Morogoro,Kinondoni,0,0,0
Morogoro,Kisarawe,0,0,0
Morogoro,Kishapu,0,0,0
Morogoro,Kiteto,0,0,0
Morogoro,Kondoa,0,0,0
Morogoro,Kongwa,0,0,0
Morogoro,Korogwe,0,0,0
Morogoro,Kwimba,0,0,0
Morogoro,Kyela,0,0,0
Morogoro,Lindi Rural,0,0,0
Morogoro,Lindi Urban,0,0,0
Morogoro,Liwale,0,0,0
Morogoro,Longido,0,0,0
Morogoro,Ludewa,0,0,0
Morogoro,Lushoto,0,0,0
Morogoro,Mafia,0,0,0
Morogoro,Magu,0,0,0
Morogoro,Makete,0,0,0
Morogoro,Manyoni,0,0,0
Morogoro,Masasi,0,0,0
Morogoro,Maswa,0,0,0
Morogoro,Mbarali,0,0,0
Morogoro,Mbeya Rural,0,0,0
Morogoro,Mbinga,0,0,0
Morogoro,Mbozi,0,0,0
Morogoro,Mbulu,0,0,0
Morogoro,Meatu,0,0,0
Morogoro,Meru,0,0,0
Morogoro,Misenyi,0,0,0
Morogoro,Missungwi,0,0,0
Morogoro,Mkinga,0,0,0
Morogoro,Mkuranga,0,0,0
Morogoro,Monduli,0,0,0
Morogoro,Morogoro Rural,252,52,217
Morogoro,Morogoro Urban,65,6,25
Morogoro,Moshi Rural,0,0,0
Morogoro,Moshi Urban,0,0,0
Morogoro,Mpanda,0,0,0
Morogoro,Mpwapwa,0,0,0
Morogoro,Mtwara Rural,0,0,0
Morogoro,Mtwara Urban,0,0,0
Morogoro,Mufindi,0,0,0
Morogoro,Muheza,0,0,0
Morogoro,Muleba,0,0,0
Morogoro,Musoma Rural,0,0,0
Morogoro,Mvomero,276,55,340
Morogoro,Mwanga,0,0,0
Morogoro,Nachingwea,0,0,0
Morogoro,Namtumbo,0,0,0
Morogoro,Nanyumbu,0,0,0
Morogoro,Newala,0,0,0
Morogoro,Ngara,0,0,0
Morogoro,Ngorongoro,0,0,0
Morogoro,Njombe,0,0,0
Morogoro,Nkasi,0,0,0
Morogoro,Nyamagana,0,0,0
Morogoro,Nzega,0,0,0
Morogoro,Pangani,0,0,0
Morogoro,Rombo,0,0,0
Morogoro,Rorya,0,0,0
Morogoro,Ruangwa,0,0,0
Morogoro,Rufiji,0,0,0
Morogoro,Rungwe,0,0,0
Morogoro,Same,0,0,0
Morogoro,Sengerema,0,0,0
Morogoro,Serengeti,0,0,0
Morogoro,Shinyanga Rural,0,0,0
Morogoro,Shinyanga Urban,0,0,0
Morogoro,Siha,0,0,0
Morogoro,Sikonge,0,0,0
Morogoro,Simanjiro,0,0,0
Morogoro,Singida Rural,0,0,0
Morogoro,Singida Urban,0,0,0
Morogoro,Songea Rural,0,0,0
Morogoro,Songea Urban,0,0,0
Morogoro,Sumbawanga Rural,0,0,0
Morogoro,Sumbawanga Urban,0,0,0
Morogoro,Tabora Urban,0,0,0
Morogoro,Tandahimba,0,0,0
Morogoro,Tanga,0,0,0
Morogoro,Tarime,0,0,0
Morogoro,Temeke,0,0,0
Morogoro,Tunduru,0,0,0
Morogoro,Ukerewe,0,0,0
Morogoro,Ulanga,437,33,195
Morogoro,Urambo,0,0,0
Morogoro,Uyui,0,0,0
Mtwara,Arusha Rural,0,0,0
Mtwara,Arusha Urban,0,0,0
Mtwara,Babati,0,0,0
Mtwara,Bagamoyo,0,0,0
Mtwara,Bahi,0,0,0
Mtwara,Bariadi,0,0,0
Mtwara,Biharamulo,0,0,0
Mtwara,Bukoba Rural,0,0,0
Mtwara,Bukoba Urban,0,0,0
Mtwara,Bukombe,0,0,0
Mtwara,Bunda,0,0,0
Mtwara,Chamwino,0,0,0
Mtwara,Chato,0,0,0
Mtwara,Chunya,0,0,0
Mtwara,Dodoma Urban,0,0,0
Mtwara,Geita,0,0,0
Mtwara,Hai,0,0,0
Mtwara,Hanang,0,0,0
Mtwara,Handeni,0,0,0
Mtwara,Igunga,0,0,0
Mtwara,Ilala,0,0,0
Mtwara,Ileje,0,0,0
Mtwara,Ilemela,0,0,0
Mtwara,Iramba,0,0,0
Mtwara,Iringa Rural,0,0,0
Mtwara,Kahama,0,0,0
Mtwara,Karagwe,0,0,0
Mtwara,Karatu,0,0,0
Mtwara,Kasulu,0,0,0
Mtwara,Kibaha,0,0,0
Mtwara,Kibondo,0,0,0
Mtwara,Kigoma Rural,0,0,0
Mtwara,Kigoma Urban,0,0,0
Mtwara,Kilindi,0,0,0
Mtwara,Kilolo,0,0,0
Mtwara,Kilombero,0,0,0
Mtwara,Kilosa,0,0,0
Mtwara,Kilwa,0,0,0
Mtwara,Kinondoni,0,0,0
Mtwara,Kisarawe,0,0,0
Mtwara,Kishapu,0,0,0
Mtwara,Kiteto,0,0,0
Mtwara,Kondoa,0,0,0
Mtwara,Kongwa,0,0,0
Mtwara,Korogwe,0,0,0
Mtwara,Kwimba,0,0,0
Mtwara,Kyela,0,0,0
Mtwara,Lindi Rural,0,0,0
Mtwara,Lindi Urban,0,0,0
Mtwara,Liwale,0,0,0
Mtwara,Longido,0,0,0
Mtwara,Ludewa,0,0,0
Mtwara,Lushoto,0,0,0
Mtwara,Mafia,0,0,0
Mtwara,Magu,0,0,0
Mtwara,Makete,0,0,0
Mtwara,Manyoni,0,0,0
Mtwara,Masasi,103,68,357
Mtwara,Maswa,0,0,0
Mtwara,Mbarali,0,0,0
Mtwara,Mbeya Rural,0,0,0
Mtwara,Mbinga,0,0,0
Mtwara,Mbozi,0,0,0
Mtwara,Mbulu,0,0,0
Mtwara,Meatu,0,0,0
Mtwara,Meru,0,0,0
Mtwara,Misenyi,0,0,0
Mtwara,Missungwi,0,0,0
Mtwara,Mkinga,0,0,0
Mtwara,Mkuranga,0,0,0
Mtwara,Monduli,0,0,0
Mtwara,Morogoro Rural,0,0,0
Mtwara,Morogoro Urban,0,0,0
Mtwara,Moshi Rural,0,0,0
Mtwara,Moshi Urban,0,0,0
Mtwara,Mpanda,0,0,0
Mtwara,Mpwapwa,0,0,0
Mtwara,Mtwara Rural,191,7,225
Mtwara,Mtwara Urban,66,9,49
Mtwara,Mufindi,0,0,0
Mtwara,Muheza,0,0,0
Mtwara,Muleba,0,0,0
Mtwara,Musoma Rural,0,0,0
Mtwara,Mvomero,0,0,0
Mtwara,Mwanga,0,0,0
Mtwara,Nachingwea,0,0,0
Mtwara,Namtumbo,0,0,0
Mtwara,Nanyumbu,42,0,116
Mtwara,Newala,49,30,152
Mtwara,Ngara,0,0,0
Mtwara,Ngorongoro,0,0,0
Mtwara,Njombe,0,0,0
Mtwara,Nkasi,0,0,0
Mtwara,Nyamagana,0,0,0
Mtwara,Nzega,0,0,0
Mtwara,Pangani,0,0,0
Mtwara,Rombo,0,0,0
Mtwara,Rorya,0,0,0
Mtwara,Ruangwa,0,0,0
Mtwara,Rufiji,0,0,0
Mtwara,Rungwe,0,0,0
Mtwara,Same,0,0,0
Mtwara,Sengerema,0,0,0
Mtwara,Serengeti,0,0,0
Mtwara,Shinyanga Rural,0,0,0
Mtwara,Shinyanga Urban,0,0,0
Mtwara,Siha,0,0,0
Mtwara,Sikonge,0,0,0
Mtwara,Simanjiro,0,0,0
Mtwara,Singida Rural,0,0,0
Mtwara,Singida Urban,0,0,0
Mtwara,Songea Rural,0,0,0
Mtwara,Songea Urban,0,0,0
Mtwara,Sumbawanga Rural,0,0,0
Mtwara,Sumbawanga Urban,0,0,0
Mtwara,Tabora Urban,0,0,0
Mtwara,Tandahimba,73,12,181
Mtwara,Tanga,0,0,0
Mtwara,Tarime,0,0,0
Mtwara,Temeke,0,0,0
Mtwara,Tunduru,0,0,0
Mtwara,Ukerewe,0,0,0
Mtwara,Ulanga,0,0,0
Mtwara,Urambo,0,0,0
Mtwara,Uyui,0,0,0
Mwanza,Arusha Rural,0,0,0
Mwanza,Arusha Urban,0,0,0
Mwanza,Babati,0,0,0
Mwanza,Bagamoyo,0,0,0
Mwanza,Bahi,0,0,0
Mwanza,Bariadi,0,0,0
Mwanza,Biharamulo,0,0,0
Mwanza,Bukoba Rural,0,0,0
Mwanza,Bukoba Urban,0,0,0
Mwanza,Bukombe,0,0,0
Mwanza,Bunda,0,0,0
Mwanza,Chamwino,0,0,0
Mwanza,Chato,0,0,0
Mwanza,Chunya,0,0,0
Mwanza,Dodoma Urban,0,0,0
Mwanza,Geita,266,17,205
Mwanza,Hai,0,0,0
Mwanza,Hanang,0,0,0
Mwanza,Handeni,0,0,0
Mwanza,Igunga,0,0,0
Mwanza,Ilala,0,0,0
Mwanza,Ileje,0,0,0
Mwanza,Ilemela,67,9,66
Mwanza,Iramba,0,0,0
Mwanza,Iringa Rural,0,0,0
Mwanza,Kahama,0,0,0
Mwanza,Karagwe,0,0,0
Mwanza,Karatu,0,0,0
Mwanza,Kasulu,0,0,0
Mwanza,Kibaha,0,0,0
Mwanza,Kibondo,0,0,0
Mwanza,Kigoma Rural,0,0,0
Mwanza,Kigoma Urban,0,0,0
Mwanza,Kilindi,0,0,0
Mwanza,Kilolo,0,0,0
Mwanza,Kilombero,0,0,0
Mwanza,Kilosa,0,0,0
Mwanza,Kilwa,0,0,0
Mwanza,Kinondoni,0,0,0
Mwanza,Kisarawe,0,0,0
Mwanza,Kishapu,0,0,0
Mwanza,Kiteto,0,0,0
Mwanza,Kondoa,0,0,0
Mwanza,Kongwa,0,0,0
Mwanza,Korogwe,0,0,0
Mwanza,Kwimba,442,10,175
Mwanza,Kyela,0,0,0
Mwanza,Lindi Rural,0,0,0
Mwanza,Lindi Urban,0,0,0
Mwanza,Liwale,0,0,0
Mwanza,Longido,0,0,0
Mwanza,Ludewa,0,0,0
Mwanza,Lushoto,0,0,0
Mwanza,Mafia,0,0,0
Mwanza,Magu,284,78,462
Mwanza,Makete,0,0,0
Mwanza,Manyoni,0,0,0
Mwanza,Masasi,0,0,0
Mwanza,Maswa,0,0,0
Mwanza,Mbarali,0,0,0
Mwanza,Mbeya Rural,0,0,0
Mwanza,Mbinga,0,0,0
Mwanza,Mbozi,0,0,0
Mwanza,Mbulu,0,0,0
Mwanza,Meatu,0,0,0
Mwanza,Meru,0,0,0
Mwanza,Misenyi,0,0,0
Mwanza,Missungwi,192,1,155
Mwanza,Mkinga,0,0,0
Mwanza,Mkuranga,0,0,0
Mwanza,Monduli,0,0,0
Mwanza,Morogoro Rural,0,0,0
Mwanza,Morogoro Urban,0,0,0
Mwanza,Moshi Rural,0,0,0
Mwanza,Moshi Urban,0,0,0
Mwanza,Mpanda,0,0,0
Mwanza,Mpwapwa,0,0,0
Mwanza,Mtwara Rural,0,0,0
Mwanza,Mtwara Urban,0,0,0
Mwanza,Mufindi,0,0,0
Mwanza,Muheza,0,0,0
Mwanza,Muleba,0,0,0
Mwanza,Musoma Rural,0,0,0
Mwanza,Mvomero,0,0,0
Mwanza,Mwanga,0,0,0
Mwanza,Nachingwea,0,0,0
Mwanza,Namtumbo,0,0,0
Mwanza,Nanyumbu,0,0,0
Mwanza,Newala,0,0,0
Mwanza,Ngara,0,0,0
Mwanza,Ngorongoro,0,0,0
Mwanza,Njombe,0,0,0
Mwanza,Nkasi,0,0,0
Mwanza,Nyamagana,0,0,1
Mwanza,Nzega,0,0,0
Mwanza,Pangani,0,0,0
Mwanza,Rombo,0,0,0
Mwanza,Rorya,0,0,0
Mwanza,Ruangwa,0,0,0
Mwanza,Rufiji,0,0,0
Mwanza,Rungwe,0,0,0
Mwanza,Same,0,0,0
Mwanza,Sengerema,160,0,171
Mwanza,Serengeti,0,0,0
Mwanza,Shinyanga Rural,0,0,0
Mwanza,Shinyanga Urban,0,0,0
Mwanza,Siha,0,0,0
Mwanza,Sikonge,0,0,0
Mwanza,Simanjiro,0,0,0
Mwanza,Singida Rural,0,0,0
Mwanza,Singida Urban,0,0,0
Mwanza,Songea Rural,0,0,0
Mwanza,Songea Urban,0,0,0
Mwanza,Sumbawanga Rural,0,0,0
Mwanza,Sumbawanga Urban,0,0,0
Mwanza,Tabora Urban,0,0,0
Mwanza,Tandahimba,0,0,0
Mwanza,Tanga,0,0,0
Mwanza,Tarime,0,0,0
Mwanza,Temeke,0,0,0
Mwanza,Tunduru,0,0,0
Mwanza,Ukerewe,91,68,182
Mwanza,Ulanga,0,0,0
Mwanza,Urambo,0,0,0
Mwanza,Uyui,0,0,0
Pwani,Arusha Rural,0,0,0
Pwani,Arusha Urban,0,0,0
Pwani,Babati,0,0,0
Pwani,Bagamoyo,730,2,265
Pwani,Bahi,0,0,0
Pwani,Bariadi,0,0,0
Pwani,Biharamulo,0,0,0
Pwani,Bukoba Rural,0,0,0
Pwani,Bukoba Urban,0,0,0
Pwani,Bukombe,0,0,0
Pwani,Bunda,0,0,0
Pwani,Chamwino,0,0,0
Pwani,Chato,0,0,0
Pwani,Chunya,0,0,0
Pwani,Dodoma Urban,0,0,0
Pwani,Geita,0,0,0
Pwani,Hai,0,0,0
Pwani,Hanang,0,0,0
Pwani,Handeni,0,0,0
Pwani,Igunga,0,0,0
Pwani,Ilala,0,0,0
Pwani,Ileje,0,0,0
Pwani,Ilemela,0,0,0
Pwani,Iramba,0,0,0
Pwani,Iringa Rural,0,0,0
Pwani,Kahama,0,0,0
Pwani,Karagwe,0,0,0
Pwani,Karatu,0,0,0
Pwani,Kasulu,0,0,0
Pwani,Kibaha,181,6,82
Pwani,Kibondo,0,0,0
Pwani,Kigoma Rural,0,0,0
Pwani,Kigoma Urban,0,0,0
Pwani,Kilindi,0,0,0
Pwani,Kilolo,0,0,0
Pwani,Kilombero,0,0,0
Pwani,Kilosa,0,0,0
Pwani,Kilwa,0,0,0
Pwani,Kinondoni,0,0,0
Pwani,Kisarawe,85,0,138
Pwani,Kishapu,0,0,0
Pwani,Kiteto,0,0,0
Pwani,Kondoa,0,0,0
Pwani,Kongwa,0,0,0
Pwani,Korogwe,0,0,0
Pwani,Kwimba,0,0,0
Pwani,Kyela,0,0,0
Pwani,Lindi Rural,0,0,0
Pwani,Lindi Urban,0,0,0
Pwani,Liwale,0,0,0
Pwani,Longido,0,0,0
Pwani,Ludewa,0,0,0
Pwani,Lushoto,0,0,0
Pwani,Mafia,91,16,25
Pwani,Magu,0,0,0
Pwani,Makete,0,0,0
Pwani,Manyoni,0,0,0
Pwani,Masasi,0,0,0
Pwani,Maswa,0,0,0
Pwani,Mbarali,0,0,0
Pwani,Mbeya Rural,0,0,0
Pwani,Mbinga,0,0,0
Pwani,Mbozi,0,0,0
Pwani,Mbulu,0,0,0
Pwani,Meatu,0,0,0
Pwani,Meru,0,0,0
Pwani,Misenyi,0,0,0
Pwani,Missungwi,0,0,0
Pwani,Mkinga,0,0,0
Pwani,Mkuranga,271,6,283
Pwani,Monduli,0,0,0
Pwani,Morogoro Rural,0,0,0
Pwani,Morogoro Urban,0,0,0
Pwani,Moshi Rural,0,0,0
Pwani,Moshi Urban,0,0,0
Pwani,Mpanda,0,0,0
Pwani,Mpwapwa,0,0,0
Pwani,Mtwara Rural,0,0,0
Pwani,Mtwara Urban,0,0,0
Pwani,Mufindi,0,0,0
Pwani,Muheza,0,0,0
Pwani,Muleba,0,0,0
Pwani,Musoma Rural,0,0,0
Pwani,Mvomero,0,0,0
Pwani,Mwanga,0,0,0
Pwani,Nachingwea,0,0,0
Pwani,Namtumbo,0,0,0
Pwani,Nanyumbu,0,0,0
Pwani,Newala,0,0,0
Pwani,Ngara,0,0,0
Pwani,Ngorongoro,0,0,0
Pwani,Njombe,0,0,0
Pwani,Nkasi,0,0,0
Pwani,Nyamagana,0,0,0
Pwani,Nzega,0,0,0
Pwani,Pangani,0,0,0
Pwani,Rombo,0,0,0
Pwani,Rorya,0,0,0
Pwani,Ruangwa,0,0,0
Pwani,Rufiji,198,6,250
Pwani,Rungwe,0,0,0
Pwani,Same,0,0,0
Pwani,Sengerema,0,0,0
Pwani,Serengeti,0,0,0
Pwani,Shinyanga Rural,0,0,0
Pwani,Shinyanga Urban,0,0,0
Pwani,Siha,0,0,0
Pwani,Sikonge,0,0,0
Pwani,Simanjiro,0,0,0
Pwani,Singida Rural,0,0,0
Pwani,Singida Urban,0,0,0
Pwani,Songea Rural,0,0,0
Pwani,Songea Urban,0,0,0
Pwani,Sumbawanga Rural,0,0,0
Pwani,Sumbawanga Urban,0,0,0
Pwani,Tabora Urban,0,0,0
Pwani,Tandahimba,0,0,0
Pwani,Tanga,0,0,0
Pwani,Tarime,0,0,0
Pwani,Temeke,0,0,0
Pwani,Tunduru,0,0,0
Pwani,Ukerewe,0,0,0
Pwani,Ulanga,0,0,0
Pwani,Urambo,0,0,0
Pwani,Uyui,0,0,0
Rukwa,Arusha Rural,0,0,0
Rukwa,Arusha Urban,0,0,0
Rukwa,Babati,0,0,0
Rukwa,Bagamoyo,0,0,0
Rukwa,Bahi,0,0,0
Rukwa,Bariadi,0,0,0
Rukwa,Biharamulo,0,0,0
Rukwa,Bukoba Rural,0,0,0
Rukwa,Bukoba Urban,0,0,0
Rukwa,Bukombe,0,0,0
Rukwa,Bunda,0,0,0
Rukwa,Chamwino,0,0,0
Rukwa,Chato,0,0,0
Rukwa,Chunya,0,0,0
Rukwa,Dodoma Urban,0,0,0
Rukwa,Geita,0,0,0
Rukwa,Hai,0,0,0
Rukwa,Hanang,0,0,0
Rukwa,Handeni,0,0,0
Rukwa,Igunga,0,0,0
Rukwa,Ilala,0,0,0
Rukwa,Ileje,0,0,0
Rukwa,Ilemela,0,0,0
Rukwa,Iramba,0,0,0
Rukwa,Iringa Rural,0,0,0
Rukwa,Kahama,0,0,0
Rukwa,Karagwe,0,0,0
Rukwa,Karatu,0,0,0
Rukwa,Kasulu,0,0,0
Rukwa,Kibaha,0,0,0
Rukwa,Kibondo,0,0,0
Rukwa,Kigoma Rural,0,0,0
Rukwa,Kigoma Urban,0,0,0
Rukwa,Kilindi,0,0,0
Rukwa,Kilolo,0,0,0
Rukwa,Kilombero,0,0,0
Rukwa,Kilosa,0,0,0
Rukwa,Kilwa,0,0,0
Rukwa,Kinondoni,0,0,0
Rukwa,Kisarawe,0,0,0
Rukwa,Kishapu,0,0,0
Rukwa,Kiteto,0,0,0
Rukwa,Kondoa,0,0,0
Rukwa,Kongwa,0,0,0
Rukwa,Korogwe,0,0,0
Rukwa,Kwimba,0,0,0
Rukwa,Kyela,0,0,0
Rukwa,Lindi Rural,0,0,0
Rukwa,Lindi Urban,0,0,0
Rukwa,Liwale,0,0,0
Rukwa,Longido,0,0,0
Rukwa,Ludewa,0,0,0
Rukwa,Lushoto,0,0,0
Rukwa,Mafia,0,0,0
Rukwa,Magu,0,0,0
Rukwa,Makete,0,0,0
Rukwa,Manyoni,0,0,0
Rukwa,Masasi,0,0,0
Rukwa,Maswa,0,0,0
Rukwa,Mbarali,0,0,0
Rukwa,Mbeya Rural,0,0,0
Rukwa,Mbinga,0,0,0
Rukwa,Mbozi,0,0,0
Rukwa,Mbulu,0,0,0
Rukwa,Meatu,0,0,0
Rukwa,Meru,0,0,0
Rukwa,Misenyi,0,0,0
Rukwa,Missungwi,0,0,0
Rukwa,Mkinga,0,0,0
Rukwa,Mkuranga,0,0,0
Rukwa,Monduli,0,0,0
Rukwa,Morogoro Rural,0,0,0
Rukwa,Morogoro Urban,0,0,0
Rukwa,Moshi Rural,0,0,0
Rukwa,Moshi Urban,0,0,0
Rukwa,Mpanda,263,83,333
Rukwa,Mpwapwa,0,0,0
Rukwa,Mtwara Rural,0,0,0
Rukwa,Mtwara Urban,0,0,0
Rukwa,Mufindi,0,0,0
Rukwa,Muheza,0,0,0
Rukwa,Muleba,0,0,0
Rukwa,Musoma Rural,0,0,0
Rukwa,Mvomero,0,0,0
Rukwa,Mwanga,0,0,0
Rukwa,Nachingwea,0,0,0
Rukwa,Namtumbo,0,0,0
Rukwa,Nanyumbu,0,0,0
Rukwa,Newala,0,0,0
Rukwa,Ngara,0,0,0
Rukwa,Ngorongoro,0,0,0
Rukwa,Njombe,0,0,0
Rukwa,Nkasi,146,20,262
Rukwa,Nyamagana,0,0,0
Rukwa,Nzega,0,0,0
Rukwa,Pangani,0,0,0
Rukwa,Rombo,0,0,0
Rukwa,Rorya,0,0,0
Rukwa,Ruangwa,0,0,0
Rukwa,Rufiji,0,0,0
Rukwa,Rungwe,0,0,0
Rukwa,Same,0,0,0
Rukwa,Sengerema,0,0,0
Rukwa,Serengeti,0,0,0
Rukwa,Shinyanga Rural,0,0,0
Rukwa,Shinyanga Urban,0,0,0
Rukwa,Siha,0,0,0
Rukwa,Sikonge,0,0,0
Rukwa,Simanjiro,0,0,0
Rukwa,Singida Rural,0,0,0
Rukwa,Singida Urban,0,0,0
Rukwa,Songea Rural,0,0,0
Rukwa,Songea Urban,0,0,0
Rukwa,Sumbawanga Rural,226,32,263
Rukwa,Sumbawanga Urban,72,0,108
Rukwa,Tabora Urban,0,0,0
Rukwa,Tandahimba,0,0,0
Rukwa,Tanga,0,0,0
Rukwa,Tarime,0,0,0
Rukwa,Temeke,0,0,0
Rukwa,Tunduru,0,0,0
Rukwa,Ukerewe,0,0,0
Rukwa,Ulanga,0,0,0
Rukwa,Urambo,0,0,0
Rukwa,Uyui,0,0,0
Ruvuma,Arusha Rural,0,0,0
Ruvuma,Arusha Urban,0,0,0
Ruvuma,Babati,0,0,0
Ruvuma,Bagamoyo,0,0,0
Ruvuma,Bahi,0,0,0
Ruvuma,Bariadi,0,0,0
Ruvuma,Biharamulo,0,0,0
Ruvuma,Bukoba Rural,0,0,0
Ruvuma,Bukoba Urban,0,0,0
Ruvuma,Bukombe,0,0,0
Ruvuma,Bunda,0,0,0
Ruvuma,Chamwino,0,0,0
Ruvuma,Chato,0,0,0
Ruvuma,Chunya,0,0,0
Ruvuma,Dodoma Urban,0,0,0
Ruvuma,Geita,0,0,0
Ruvuma,Hai,0,0,0
Ruvuma,Hanang,0,0,0
Ruvuma,Handeni,0,0,0
Ruvuma,Igunga,0,0,0
Ruvuma,Ilala,0,0,0
Ruvuma,Ileje,0,0,0
Ruvuma,Ilemela,0,0,0
Ruvuma,Iramba,0,0,0
Ruvuma,Iringa Rural,0,0,0
Ruvuma,Kahama,0,0,0
Ruvuma,Karagwe,0,0,0
Ruvuma,Karatu,0,0,0
Ruvuma,Kasulu,0,0,0
Ruvuma,Kibaha,0,0,0
Ruvuma,Kibondo,0,0,0
Ruvuma,Kigoma Rural,0,0,0
Ruvuma,Kigoma Urban,0,0,0
Ruvuma,Kilindi,0,0,0
Ruvuma,Kilolo,0,0,0
Ruvuma,Kilombero,0,0,0
Ruvuma,Kilosa,0,0,0
Ruvuma,Kilwa,0,0,0
Ruvuma,Kinondoni,0,0,0
Ruvuma,Kisarawe,0,0,0
Ruvuma,Kishapu,0,0,0
Ruvuma,Kiteto,0,0,0
Ruvuma,Kondoa,0,0,0
Ruvuma,Kongwa,0,0,0
Ruvuma,Korogwe,0,0,0
Ruvuma,Kwimba,0,0,0
Ruvuma,Kyela,0,0,0
Ruvuma,Lindi Rural,0,0,0
Ruvuma,Lindi Urban,0,0,0
Ruvuma,Liwale,0,0,0
Ruvuma,Longido,0,0,0
Ruvuma,Ludewa,0,0,0
Ruvuma,Lushoto,0,0,0
Ruvuma,Mafia,0,0,0
Ruvuma,Magu,0,0,0
Ruvuma,Makete,0,0,0
Ruvuma,Manyoni,0,0,0
Ruvuma,Masasi,0,0,0
Ruvuma,Maswa,0,0,0
Ruvuma,Mbarali,0,0,0
Ruvuma,Mbeya Rural,0,0,0
Ruvuma,Mbinga,395,57,298
Ruvuma,Mbozi,0,0,0
Ruvuma,Mbulu,0,0,0
Ruvuma,Meatu,0,0,0
Ruvuma,Meru,0,0,0
Ruvuma,Misenyi,0,0,0
Ruvuma,Missungwi,0,0,0
Ruvuma,Mkinga,0,0,0
Ruvuma,Mkuranga,0,0,0
Ruvuma,Monduli,0,0,0
Ruvuma,Morogoro Rural,0,0,0
Ruvuma,Morogoro Urban,0,0,0
Ruvuma,Moshi Rural,0,0,0
Ruvuma,Moshi Urban,0,0,0
Ruvuma,Mpanda,0,0,0
Ruvuma,Mpwapwa,0,0,0
Ruvuma,Mtwara Rural,0,0,0
Ruvuma,Mtwara Urban,0,0,0
Ruvuma,Mufindi,0,0,0
Ruvuma,Muheza,0,0,0
Ruvuma,Muleba,0,0,0
Ruvuma,Musoma Rural,0,0,0
Ruvuma,Mvomero,0,0,0
Ruvuma,Mwanga,0,0,0
Ruvuma,Nachingwea,0,0,0
Ruvuma,Namtumbo,389,18,287
Ruvuma,Nanyumbu,0,0,0
Ruvuma,Newala,0,0,0
Ruvuma,Ngara,0,0,0
Ruvuma,Ngorongoro,0,0,0
Ruvuma,Njombe,0,0,0
Ruvuma,Nkasi,0,0,0
Ruvuma,Nyamagana,0,0,0
Ruvuma,Nzega,0,0,0
Ruvuma,Pangani,0,0,0
Ruvuma,Rombo,0,0,0
Ruvuma,Rorya,0,0,0
Ruvuma,Ruangwa,0,0,0
Ruvuma,Rufiji,0,0,0
Ruvuma,Rungwe,0,0,0
Ruvuma,Same,0,0,0
Ruvuma,Sengerema,0,0,0
Ruvuma,Serengeti,0,0,0
Ruvuma,Shinyanga Rural,0,0,0
Ruvuma,Shinyanga Urban,0,0,0
Ruvuma,Siha,0,0,0
Ruvuma,Sikonge,0,0,0
Ruvuma,Simanjiro,0,0,0
Ruvuma,Singida Rural,0,0,0
Ruvuma,Singida Urban,0,0,0
Ruvuma,Songea Rural,419,34,240
Ruvuma,Songea Urban,51,3,26
Ruvuma,Sumbawanga Rural,0,0,0
Ruvuma,Sumbawanga Urban,0,0,0
Ruvuma,Tabora Urban,0,0,0
Ruvuma,Tandahimba,0,0,0
Ruvuma,Tanga,0,0,0
Ruvuma,Tarime,0,0,0
Ruvuma,Temeke,0,0,0
Ruvuma,Tunduru,226,52,145
Ruvuma,Ukerewe,0,0,0
Ruvuma,Ulanga,0,0,0
Ruvuma,Urambo,0,0,0
Ruvuma,Uyui,0,0,0
Shinyanga,Arusha Rural,0,0,0
Shinyanga,Arusha Urban,0,0,0
Shinyanga,Babati,0,0,0
Shinyanga,Bagamoyo,0,0,0
Shinyanga,Bahi,0,0,0
Shinyanga,Bariadi,580,409,188
Shinyanga,Biharamulo,0,0,0
Shinyanga,Bukoba Rural,0,0,0
Shinyanga,Bukoba Urban,0,0,0
Shinyanga,Bukombe,314,53,147
Shinyanga,Bunda,0,0,0
Shinyanga,Chamwino,0,0,0
Shinyanga,Chato,0,0,0
Shinyanga,Chunya,0,0,0
Shinyanga,Dodoma Urban,0,0,0
Shinyanga,Geita,0,0,0
Shinyanga,Hai,0,0,0
Shinyanga,Hanang,0,0,0
Shinyanga,Handeni,0,0,0
Shinyanga,Igunga,0,0,0
Shinyanga,Ilala,0,0,0
Shinyanga,Ileje,0,0,0
Shinyanga,Ilemela,0,0,0
Shinyanga,Iramba,0,0,0
Shinyanga,Iringa Rural,0,0,0
Shinyanga,Kahama,462,4,370
Shinyanga,Karagwe,0,0,0
Shinyanga,Karatu,0,0,0
Shinyanga,Kasulu,0,0,0
Shinyanga,Kibaha,0,0,0
Shinyanga,Kibondo,0,0,0
Shinyanga,Kigoma Rural,0,0,0
Shinyanga,Kigoma Urban,0,0,0
Shinyanga,Kilindi,0,0,0
Shinyanga,Kilolo,0,0,0
Shinyanga,Kilombero,0,0,0
Shinyanga,Kilosa,0,0,0
Shinyanga,Kilwa,0,0,0
Shinyanga,Kinondoni,0,0,0
Shinyanga,Kisarawe,0,0,0
Shinyanga,Kishapu,182,43,174
Shinyanga,Kiteto,0,0,0
Shinyanga,Kondoa,0,0,0
Shinyanga,Kongwa,0,0,0
Shinyanga,Korogwe,0,0,0
Shinyanga,Kwimba,0,0,0
Shinyanga,Kyela,0,0,0
Shinyanga,Lindi Rural,0,0,0
Shinyanga,Lindi Urban,0,0,0
Shinyanga,Liwale,0,0,0
Shinyanga,Longido,0,0,0
Shinyanga,Ludewa,0,0,0
Shinyanga,Lushoto,0,0,0
Shinyanga,Mafia,0,0,0
Shinyanga,Magu,0,0,0
Shinyanga,Makete,0,0,0
Shinyanga,Manyoni,0,0,0
Shinyanga,Masasi,0,0,0
Shinyanga,Maswa,498,60,251
Shinyanga,Mbarali,0,0,0
Shinyanga,Mbeya Rural,0,0,0
Shinyanga,Mbinga,0,0,0
Shinyanga,Mbozi,0,0,0
Shinyanga,Mbulu,0,0,0
Shinyanga,Meatu,314,46,108
Shinyanga,Meru,0,0,0
Shinyanga,Misenyi,0,0,0
Shinyanga,Missungwi,0,0,0
Shinyanga,Mkinga,0,0,0
Shinyanga,Mkuranga,0,0,0
Shinyanga,Monduli,0,0,0
Shinyanga,Morogoro Rural,0,0,0
Shinyanga,Morogoro Urban,0,0,0
Shinyanga,Moshi Rural,0,0,0
Shinyanga,Moshi Urban,0,0,0
Shinyanga,Mpanda,0,0,0
Shinyanga,Mpwapwa,0,0,0
Shinyanga,Mtwara Rural,0,0,0
Shinyanga,Mtwara Urban,0,0,0
Shinyanga,Mufindi,0,0,0
Shinyanga,Muheza,0,0,0
Shinyanga,Muleba,0,0,0
Shinyanga,Musoma Rural,0,0,0
Shinyanga,Mvomero,0,0,0
Shinyanga,Mwanga,0,0,0
Shinyanga,Nachingwea,0,0,0
Shinyanga,Namtumbo,0,0,0
Shinyanga,Nanyumbu,0,0,0
Shinyanga,Newala,0,0,0
Shinyanga,Ngara,0,0,0
Shinyanga,Ngorongoro,0,0,0
Shinyanga,Njombe,0,0,0
Shinyanga,Nkasi,0,0,0
Shinyanga,Nyamagana,0,0,0
Shinyanga,Nzega,0,0,0
Shinyanga,Pangani,0,0,0
Shinyanga,Rombo,0,0,0
Shinyanga,Rorya,0,0,0
Shinyanga,Ruangwa,0,0,0
Shinyanga,Rufiji,0,0,0
Shinyanga,Rungwe,0,0,0
Shinyanga,Same,0,0,0
Shinyanga,Sengerema,0,0,0
Shinyanga,Serengeti,0,0,0
Shinyanga,Shinyanga Rural,332,11,245
Shinyanga,Shinyanga Urban,107,9,75
Shinyanga,Siha,0,0,0
Shinyanga,Sikonge,0,0,0
Shinyanga,Simanjiro,0,0,0
Shinyanga,Singida Rural,0,0,0
Shinyanga,Singida Urban,0,0,0
Shinyanga,Songea Rural,0,0,0
Shinyanga,Songea Urban,0,0,0
Shinyanga,Sumbawanga Rural,0,0,0
Shinyanga,Sumbawanga Urban,0,0,0
Shinyanga,Tabora Urban,0,0,0
Shinyanga,Tandahimba,0,0,0
Shinyanga,Tanga,0,0,0
Shinyanga,Tarime,0,0,0
Shinyanga,Temeke,0,0,0
Shinyanga,Tunduru,0,0,0
Shinyanga,Ukerewe,0,0,0
Shinyanga,Ulanga,0,0,0
Shinyanga,Urambo,0,0,0
Shinyanga,Uyui,0,0,0
Singida,Arusha Rural,0,0,0
Singida,Arusha Urban,0,0,0
Singida,Babati,0,0,0
Singida,Bagamoyo,0,0,0
Singida,Bahi,0,0,0
Singida,Bariadi,0,0,0
Singida,Biharamulo,0,0,0
Singida,Bukoba Rural,0,0,0
Singida,Bukoba Urban,0,0,0
Singida,Bukombe,0,0,0
Singida,Bunda,0,0,0
Singida,Chamwino,0,0,0
Singida,Chato,0,0,0
Singida,Chunya,0,0,0
Singida,Dodoma Urban,0,0,0
Singida,Geita,0,0,0
Singida,Hai,0,0,0
Singida,Hanang,0,0,0
Singida,Handeni,0,0,0
Singida,Igunga,0,0,0
Singida,Ilala,0,0,0
Singida,Ileje,0,0,0
Singida,Ilemela,0,0,0
Singida,Iramba,336,48,160
Singida,Iringa Rural,0,0,0
Singida,Kahama,0,0,0
Singida,Karagwe,0,0,0
Singida,Karatu,0,0,0
Singida,Kasulu,0,0,0
Singida,Kibaha,0,0,0
Singida,Kibondo,0,0,0
Singida,Kigoma Rural,0,0,0
Singida,Kigoma Urban,0,0,0
Singida,Kilindi,0,0,0
Singida,Kilolo,0,0,0
Singida,Kilombero,0,0,0
Singida,Kilosa,0,0,0
Singida,Kilwa,0,0,0
Singida,Kinondoni,0,0,0
Singida,Kisarawe,0,0,0
Singida,Kishapu,0,0,0
Singida,Kiteto,0,0,0
Singida,Kondoa,0,0,0
Singida,Kongwa,0,0,0
Singida,Korogwe,0,0,0
Singida,Kwimba,0,0,0
Singida,Kyela,0,0,0
Singida,Lindi Rural,0,0,0
Singida,Lindi Urban,0,0,0
Singida,Liwale,0,0,0
Singida,Longido,0,0,0
Singida,Ludewa,0,0,0
Singida,Lushoto,0,0,0
Singida,Mafia,0,0,0
Singida,Magu,0,0,0
Singida,Makete,0,0,0
Singida,Manyoni,126,9,242
Singida,Masasi,0,0,0
Singida,Maswa,0,0,0
Singida,Mbarali,0,0,0
Singida,Mbeya Rural,0,0,0
Singida,Mbinga,0,0,0
Singida,Mbozi,0,0,0
Singida,Mbulu,0,0,0
Singida,Meatu,0,0,0
Singida,Meru,0,0,0
Singida,Misenyi,0,0,0
Singida,Missungwi,0,0,0
Singida,Mkinga,0,0,0
Singida,Mkuranga,0,0,0
Singida,Monduli,0,0,0
Singida,Morogoro Rural,0,0,0
Singida,Morogoro Urban,0,0,0
Singida,Moshi Rural,0,0,0
Singida,Moshi Urban,0,0,0
Singida,Mpanda,0,0,0
Singida,Mpwapwa,0,0,0
Singida,Mtwara Rural,0,0,0
Singida,Mtwara Urban,0,0,0
Singida,Mufindi,0,0,0
Singida,Muheza,0,0,0
Singida,Muleba,0,0,0
Singida,Musoma Rural,0,0,0
Singida,Mvomero,0,0,0
Singida,Mwanga,0,0,0
Singida,Nachingwea,0,0,0
Singida,Namtumbo,0,0,0
Singida,Nanyumbu,0,0,0
Singida,Newala,0,0,0
Singida,Ngara,0,0,0
Singida,Ngorongoro,0,0,0
Singida,Njombe,0,0,0
Singida,Nkasi,0,0,0
Singida,Nyamagana,0,0,0
Singida,Nzega,0,0,0
Singida,Pangani,0,0,0
Singida,Rombo,0,0,0
Singida,Rorya,0,0,0
Singida,Ruangwa,0,0,0
Singida,Rufiji,0,0,0
Singida,Rungwe,0,0,0
Singida,Same,0,0,0
Singida,Sengerema,0,0,0
Singida,Serengeti,0,0,0
Singida,Shinyanga Rural,0,0,0
Singida,Shinyanga Urban,0,0,0
Singida,Siha,0,0,0
Singida,Sikonge,0,0,0
Singida,Simanjiro,0,0,0
Singida,Singida Rural,438,62,495
Singida,Singida Urban,111,9,57
Singida,Songea Rural,0,0,0
Singida,Songea Urban,0,0,0
Singida,Sumbawanga Rural,0,0,0
Singida,Sumbawanga Urban,0,0,0
Singida,Tabora Urban,0,0,0
Singida,Tandahimba,0,0,0
Singida,Tanga,0,0,0
Singida,Tarime,0,0,0
Singida,Temeke,0,0,0
Singida,Tunduru,0,0,0
Singida,Ukerewe,0,0,0
Singida,Ulanga,0,0,0
Singida,Urambo,0,0,0
Singida,Uyui,0,0,0
Tabora,Arusha Rural,0,0,0
Tabora,Arusha Urban,0,0,0
Tabora,Babati,0,0,0
Tabora,Bagamoyo,0,0,0
Tabora,Bahi,0,0,0
Tabora,Bariadi,0,0,0
Tabora,Biharamulo,0,0,0
Tabora,Bukoba Rural,0,0,0
Tabora,Bukoba Urban,0,0,0
Tabora,Bukombe,0,0,0
Tabora,Bunda,0,0,0
Tabora,Chamwino,0,0,0
Tabora,Chato,0,0,0
Tabora,Chunya,0,0,0
Tabora,Dodoma Urban,0,0,0
Tabora,Geita,0,0,0
Tabora,Hai,0,0,0
Tabora,Hanang,0,0,0
Tabora,Handeni,0,0,0
Tabora,Igunga,144,13,181
Tabora,Ilala,0,0,0
Tabora,Ileje,0,0,0
Tabora,Ilemela,0,0,0
Tabora,Iramba,0,0,0
Tabora,Iringa Rural,0,0,0
Tabora,Kahama,0,0,0
Tabora,Karagwe,0,0,0
Tabora,Karatu,0,0,0
Tabora,Kasulu,0,0,0
Tabora,Kibaha,0,0,0
Tabora,Kibondo,0,0,0
Tabora,Kigoma Rural,0,0,0
Tabora,Kigoma Urban,0,0,0
Tabora,Kilindi,0,0,0
Tabora,Kilolo,0,0,0
Tabora,Kilombero,0,0,0
Tabora,Kilosa,0,0,0
Tabora,Kilwa,0,0,0
Tabora,Kinondoni,0,0,0
Tabora,Kisarawe,0,0,0
Tabora,Kishapu,0,0,0
Tabora,Kiteto,0,0,0
Tabora,Kondoa,0,0,0
Tabora,Kongwa,0,0,0
Tabora,Korogwe,0,0,0
Tabora,Kwimba,0,0,0
Tabora,Kyela,0,0,0
Tabora,Lindi Rural,0,0,0
Tabora,Lindi Urban,0,0,0
Tabora,Liwale,0,0,0
Tabora,Longido,0,0,0
Tabora,Ludewa,0,0,0
Tabora,Lushoto,0,0,0
Tabora,Mafia,0,0,0
Tabora,Magu,0,0,0
Tabora,Makete,0,0,0
Tabora,Manyoni,0,0,0
Tabora,Masasi,0,0,0
Tabora,Maswa,0,0,0
Tabora,Mbarali,0,0,0
Tabora,Mbeya Rural,0,0,0
Tabora,Mbinga,0,0,0
Tabora,Mbozi,0,0,0
Tabora,Mbulu,0,0,0
Tabora,Meatu,0,0,0
Tabora,Meru,0,0,0
Tabora,Misenyi,0,0,0
Tabora,Missungwi,0,0,0
Tabora,Mkinga,0,0,0
Tabora,Mkuranga,0,0,0
Tabora,Monduli,0,0,0
Tabora,Morogoro Rural,0,0,0
Tabora,Morogoro Urban,0,0,0
Tabora,Moshi Rural,0,0,0
Tabora,Moshi Urban,0,0,0
Tabora,Mpanda,0,0,0
Tabora,Mpwapwa,0,0,0
Tabora,Mtwara Rural,0,0,0
Tabora,Mtwara Urban,0,0,0
Tabora,Mufindi,0,0,0
Tabora,Muheza,0,0,0
Tabora,Muleba,0,0,0
Tabora,Musoma Rural,0,0,0
Tabora,Mvomero,0,0,0
Tabora,Mwanga,0,0,0
Tabora,Nachingwea,0,0,0
Tabora,Namtumbo,0,0,0
Tabora,Nanyumbu,0,0,0
Tabora,Newala,0,0,0
Tabora,Ngara,0,0,0
Tabora,Ngorongoro,0,0,0
Tabora,Njombe,0,0,0
Tabora,Nkasi,0,0,0
Tabora,Nyamagana,0,0,0
Tabora,Nzega,299,11,265
Tabora,Pangani,0,0,0
Tabora,Rombo,0,0,0
Tabora,Rorya,0,0,0
Tabora,Ruangwa,0,0,0
Tabora,Rufiji,0,0,0
Tabora,Rungwe,0,0,0
Tabora,Same,0,0,0
Tabora,Sengerema,0,0,0
Tabora,Serengeti,0,0,0
Tabora,Shinyanga Rural,0,0,0
Tabora,Shinyanga Urban,0,0,0
Tabora,Siha,0,0,0
Tabora,Sikonge,49,0,121
Tabora,Simanjiro,0,0,0
Tabora,Singida Rural,0,0,0
Tabora,Singida Urban,0,0,0
Tabora,Songea Rural,0,0,0
Tabora,Songea Urban,0,0,0
Tabora,Sumbawanga Rural,0,0,0
Tabora,Sumbawanga Urban,0,0,0
Tabora,Tabora Urban,54,0,101
Tabora,Tandahimba,0,0,0
Tabora,Tanga,0,0,0
Tabora,Tarime,0,0,0
Tabora,Temeke,0,0,0
Tabora,Tunduru,0,0,0
Tabora,Ukerewe,0,0,0
Tabora,Ulanga,0,0,0
Tabora,Urambo,155,14,213
Tabora,Uyui,147,7,185
Tanga,Arusha Rural,0,0,0
Tanga,Arusha Urban,0,0,0
Tanga,Babati,0,0,0
Tanga,Bagamoyo,0,0,0
Tanga,Bahi,0,0,0
Tanga,Bariadi,0,0,0
Tanga,Biharamulo,0,0,0
Tanga,Bukoba Rural,0,0,0
Tanga,Bukoba Urban,0,0,0
Tanga,Bukombe,0,0,0
Tanga,Bunda,0,0,0
Tanga,Chamwino,0,0,0
Tanga,Chato,0,0,0
Tanga,Chunya,0,0,0
Tanga,Dodoma Urban,0,0,0
Tanga,Geita,0,0,0
Tanga,Hai,0,0,0
Tanga,Hanang,0,0,0
Tanga,Handeni,139,1,114
Tanga,Igunga,0,0,0
Tanga,Ilala,0,0,0
Tanga,Ileje,0,0,0
Tanga,Ilemela,0,0,0
Tanga,Iramba,0,0,0
Tanga,Iringa Rural,0,0,0
Tanga,Kahama,0,0,0
Tanga,Karagwe,0,0,0
Tanga,Karatu,0,0,0
Tanga,Kasulu,0,0,0
Tanga,Kibaha,0,0,0
Tanga,Kibondo,0,0,0
Tanga,Kigoma Rural,0,0,0
Tanga,Kigoma Urban,0,0,0
Tanga,Kilindi,73,1,87
Tanga,Kilolo,0,0,0
Tanga,Kilombero,0,0,0
Tanga,Kilosa,0,0,0
Tanga,Kilwa,0,0,0
Tanga,Kinondoni,0,0,0
Tanga,Kisarawe,0,0,0
Tanga,Kishapu,0,0,0
Tanga,Kiteto,0,0,0
Tanga,Kondoa,0,0,0
Tanga,Kongwa,0,0,0
Tanga,Korogwe,241,6,165
Tanga,Kwimba,0,0,0
Tanga,Kyela,0,0,0
Tanga,Lindi Rural,0,0,0
Tanga,Lindi Urban,0,0,0
Tanga,Liwale,0,0,0
Tanga,Longido,0,0,0
Tanga,Ludewa,0,0,0
Tanga,Lushoto,433,59,202
Tanga,Mafia,0,0,0
Tanga,Magu,0,0,0
Tanga,Makete,0,0,0
Tanga,Manyoni,0,0,0
Tanga,Masasi,0,0,0
Tanga,Maswa,0,0,0
Tanga,Mbarali,0,0,0
Tanga,Mbeya Rural,0,0,0
Tanga,Mbinga,0,0,0
Tanga,Mbozi,0,0,0
Tanga,Mbulu,0,0,0
Tanga,Meatu,0,0,0
Tanga,Meru,0,0,0
Tanga,Misenyi,0,0,0
Tanga,Missungwi,0,0,0
Tanga,Mkinga,224,0,64
Tanga,Mkuranga,0,0,0
Tanga,Monduli,0,0,0
Tanga,Morogoro Rural,0,0,0
Tanga,Morogoro Urban,0,0,0
Tanga,Moshi Rural,0,0,0
Tanga,Moshi Urban,0,0,0
Tanga,Mpanda,0,0,0
Tanga,Mpwapwa,0,0,0
Tanga,Mtwara Rural,0,0,0
Tanga,Mtwara Urban,0,0,0
Tanga,Mufindi,0,0,0
Tanga,Muheza,219,0,115
Tanga,Muleba,0,0,0
Tanga,Musoma Rural,0,0,0
Tanga,Mvomero,0,0,0
Tanga,Mwanga,0,0,0
Tanga,Nachingwea,0,0,0
Tanga,Namtumbo,0,0,0
Tanga,Nanyumbu,0,0,0
Tanga,Newala,0,0,0
Tanga,Ngara,0,0,0
Tanga,Ngorongoro,0,0,0
Tanga,Njombe,0,0,0
Tanga,Nkasi,0,0,0
Tanga,Nyamagana,0,0,0
Tanga,Nzega,0,0,0
Tanga,Pangani,65,3,237
Tanga,Rombo,0,0,0
Tanga,Rorya,0,0,0
Tanga,Ruangwa,0,0,0
Tanga,Rufiji,0,0,0
Tanga,Rungwe,0,0,0
Tanga,Same,0,0,0
Tanga,Sengerema,0,0,0
Tanga,Serengeti,0,0,0
Tanga,Shinyanga Rural,0,0,0
Tanga,Shinyanga Urban,0,0,0
Tanga,Siha,0,0,0
Tanga,Sikonge,0,0,0
Tanga,Simanjiro,0,0,0
Tanga,Singida Rural,0,0,0
Tanga,Singida Urban,0,0,0
Tanga,Songea Rural,0,0,0
Tanga,Songea Urban,0,0,0
Tanga,Sumbawanga Rural,0,0,0
Tanga,Sumbawanga Urban,0,0,0
Tanga,Tabora Urban,0,0,0
Tanga,Tandahimba,0,0,0
Tanga,Tanga,42,3,54
Tanga,Tarime,0,0,0
Tanga,Temeke,0,0,0
Tanga,Tunduru,0,0,0
Tanga,Ukerewe,0,0,0
Tanga,Ulanga,0,0,0
Tanga,Urambo,0,0,0
Tanga,Uyui,0,0,0
